configuration,strides,dilations,input_batch,input_width,input_height,input_channel,kernel_width,kernel_height,kernel_input_channels,kernel_output_channels,output_batch,output_width,output_height,output_channel,permuation_order_1,permuation_order_2,permuation_order_3,permuation_order_4,permuation_order_5,permuation_order_6,permuation_order_7,actual_input_batch,actual_input_width,actual_input_height,actual_input_channel,actual_kernel_width,actual_kernel_height,actual_kernel_input_channels,actual_kernel_output_channels,actual_output_batch,actual_output_width,actual_output_height,actual_output_channel,number_of_tiles,simulation_cycles,total_power,area,runtime_in_s,gflops,gflops_per_watt,energy_consumed,flop_count
alexnet_permute_conv2d_1_0123456,4,1,1,227,227,3,11,11,3,96,1,55,55,96,0,1,2,3,4,5,6,1,227,227,1,11,11,1,1,1,55,55,1,288.0,491687712.0,0.00788,73324.0,4.916877,0.042879,5.441497,0.03874499076,210830400
alexnet_permute_conv2d_1_0123465,4,1,1,227,227,3,11,11,3,96,1,55,55,96,0,1,2,3,4,6,5,1,227,227,1,11,11,1,1,1,55,55,1,288.0,491687712.0,0.00815,76106.0,4.916877,0.042879,5.261227,0.04007254755,210830400
alexnet_permute_conv2d_1_0123546,4,1,1,227,227,3,11,11,3,96,1,55,55,96,0,1,2,3,5,4,6,1,227,227,1,11,11,1,1,1,55,55,1,288.0,491687712.0,0.00858,81221.0,4.916877,0.042879,4.997552,0.04218680466,210830400
alexnet_permute_conv2d_1_0123564,4,1,1,227,227,3,11,11,3,96,1,55,55,96,0,1,2,3,6,4,5,1,227,227,1,11,11,1,1,1,55,55,1,288.0,491687712.0,0.00857,81203.0,4.916877,0.042879,5.003384,0.04213763589,210830400
alexnet_permute_conv2d_1_0123645,4,1,1,227,227,3,11,11,3,96,1,55,55,96,0,1,2,3,5,6,4,1,227,227,1,11,11,1,1,1,55,55,1,288.0,491687712.0,0.00819,75818.0,4.916877,0.042879,5.235531,0.04026922263,210830400
alexnet_permute_conv2d_1_0123654,4,1,1,227,227,3,11,11,3,96,1,55,55,96,0,1,2,3,6,5,4,1,227,227,1,11,11,1,1,1,55,55,1,288.0,491687712.0,0.00858,81136.0,4.916877,0.042879,4.997552,0.04218680466,210830400
alexnet_permute_conv2d_1_0132456,4,1,1,227,227,3,11,11,3,96,1,55,55,96,0,1,3,2,4,5,6,1,227,227,1,11,11,1,1,1,55,55,1,288.0,491687712.0,0.00788,73194.0,4.916877,0.042879,5.441497,0.03874499076,210830400
alexnet_permute_conv2d_1_0132465,4,1,1,227,227,3,11,11,3,96,1,55,55,96,0,1,3,2,4,6,5,1,227,227,1,11,11,1,1,1,55,55,1,288.0,491687712.0,0.00815,75984.0,4.916877,0.042879,5.261227,0.04007254755,210830400
alexnet_permute_conv2d_1_0132546,4,1,1,227,227,3,11,11,3,96,1,55,55,96,0,1,3,2,5,4,6,1,227,227,1,11,11,1,1,1,55,55,1,288.0,491687712.0,0.00859,81186.0,4.916877,0.042879,4.991735,0.04223597343,210830400
alexnet_permute_conv2d_1_0132564,4,1,1,227,227,3,11,11,3,96,1,55,55,96,0,1,3,2,6,4,5,1,227,227,1,11,11,1,1,1,55,55,1,288.0,491687712.0,0.00858,81219.0,4.916877,0.042879,4.997552,0.04218680466,210830400
alexnet_permute_conv2d_1_0132645,4,1,1,227,227,3,11,11,3,96,1,55,55,96,0,1,3,2,5,6,4,1,227,227,1,11,11,1,1,1,55,55,1,288.0,491687712.0,0.00815,76106.0,4.916877,0.042879,5.261227,0.04007254755,210830400
alexnet_permute_conv2d_1_0132654,4,1,1,227,227,3,11,11,3,96,1,55,55,96,0,1,3,2,6,5,4,1,227,227,1,11,11,1,1,1,55,55,1,288.0,491687712.0,0.00858,81221.0,4.916877,0.042879,4.997552,0.04218680466,210830400
alexnet_permute_conv2d_1_0213456,4,1,1,227,227,3,11,11,3,96,1,55,55,96,0,2,1,3,4,5,6,1,227,227,1,11,11,1,1,1,55,55,1,288.0,491687712.0,0.008,74410.0,4.916877,0.042879,5.359875,0.039335016,210830400
alexnet_permute_conv2d_1_0213465,4,1,1,227,227,3,11,11,3,96,1,55,55,96,0,2,1,3,4,6,5,1,227,227,1,11,11,1,1,1,55,55,1,288.0,491687712.0,0.00818,75784.0,4.916877,0.042879,5.241932,0.04022005386,210830400
alexnet_permute_conv2d_1_0213546,4,1,1,227,227,3,11,11,3,96,1,55,55,96,0,2,1,3,5,4,6,1,227,227,1,11,11,1,1,1,55,55,1,288.0,491687712.0,0.00882,81714.0,4.916877,0.042879,4.861565,0.04336685514,210830400
alexnet_permute_conv2d_1_0213564,4,1,1,227,227,3,11,11,3,96,1,55,55,96,0,2,1,3,6,4,5,1,227,227,1,11,11,1,1,1,55,55,1,288.0,491687712.0,0.00878,81348.0,4.916877,0.042879,4.883713,0.04317018006,210830400
alexnet_permute_conv2d_1_0213645,4,1,1,227,227,3,11,11,3,96,1,55,55,96,0,2,1,3,5,6,4,1,227,227,1,11,11,1,1,1,55,55,1,288.0,491687712.0,0.00823,75501.0,4.916877,0.042879,5.210085,0.04046589771,210830400
alexnet_permute_conv2d_1_0213654,4,1,1,227,227,3,11,11,3,96,1,55,55,96,0,2,1,3,6,5,4,1,227,227,1,11,11,1,1,1,55,55,1,288.0,491687712.0,0.00878,81348.0,4.916877,0.042879,4.883713,0.04317018006,210830400
alexnet_permute_conv2d_1_0231456,4,1,1,227,227,3,11,11,3,96,1,55,55,96,0,3,1,2,4,5,6,1,227,227,1,11,11,1,1,1,55,55,1,288.0,491687712.0,0.008,74304.0,4.916877,0.042879,5.359875,0.039335016,210830400
alexnet_permute_conv2d_1_0231465,4,1,1,227,227,3,11,11,3,96,1,55,55,96,0,3,1,2,4,6,5,1,227,227,1,11,11,1,1,1,55,55,1,288.0,491687712.0,0.00822,75805.0,4.916877,0.042879,5.216423,0.04041672894,210830400
alexnet_permute_conv2d_1_0231546,4,1,1,227,227,3,11,11,3,96,1,55,55,96,0,3,1,2,5,4,6,1,227,227,1,11,11,1,1,1,55,55,1,288.0,491687712.0,0.00882,81714.0,4.916877,0.042879,4.861565,0.04336685514,210830400
alexnet_permute_conv2d_1_0231564,4,1,1,227,227,3,11,11,3,96,1,55,55,96,0,3,1,2,6,4,5,1,227,227,1,11,11,1,1,1,55,55,1,288.0,491687712.0,0.00881,81276.0,4.916877,0.042879,4.867083,0.04331768637,210830400
alexnet_permute_conv2d_1_0231645,4,1,1,227,227,3,11,11,3,96,1,55,55,96,0,3,1,2,5,6,4,1,227,227,1,11,11,1,1,1,55,55,1,288.0,491687712.0,0.00823,75612.0,4.916877,0.042879,5.210085,0.04046589771,210830400
alexnet_permute_conv2d_1_0231654,4,1,1,227,227,3,11,11,3,96,1,55,55,96,0,3,1,2,6,5,4,1,227,227,1,11,11,1,1,1,55,55,1,288.0,491687712.0,0.0088,81345.0,4.916877,0.042879,4.872614,0.0432685176,210830400
alexnet_permute_conv2d_1_0312456,4,1,1,227,227,3,11,11,3,96,1,55,55,96,0,2,3,1,4,5,6,1,227,227,1,11,11,1,1,1,55,55,1,288.0,491687712.0,0.00788,73160.0,4.916877,0.042879,5.441497,0.03874499076,210830400
alexnet_permute_conv2d_1_0312465,4,1,1,227,227,3,11,11,3,96,1,55,55,96,0,2,3,1,4,6,5,1,227,227,1,11,11,1,1,1,55,55,1,288.0,491687712.0,0.00815,75907.0,4.916877,0.042879,5.261227,0.04007254755,210830400
alexnet_permute_conv2d_1_0312546,4,1,1,227,227,3,11,11,3,96,1,55,55,96,0,2,3,1,5,4,6,1,227,227,1,11,11,1,1,1,55,55,1,288.0,491687712.0,0.00862,81188.0,4.916877,0.042879,4.974362,0.04238347974,210830400
alexnet_permute_conv2d_1_0312564,4,1,1,227,227,3,11,11,3,96,1,55,55,96,0,2,3,1,6,4,5,1,227,227,1,11,11,1,1,1,55,55,1,288.0,491687712.0,0.00858,81159.0,4.916877,0.042879,4.997552,0.04218680466,210830400
alexnet_permute_conv2d_1_0312645,4,1,1,227,227,3,11,11,3,96,1,55,55,96,0,2,3,1,5,6,4,1,227,227,1,11,11,1,1,1,55,55,1,288.0,491687712.0,0.00813,75894.0,4.916877,0.042879,5.27417,0.03997421001,210830400
alexnet_permute_conv2d_1_0312654,4,1,1,227,227,3,11,11,3,96,1,55,55,96,0,2,3,1,6,5,4,1,227,227,1,11,11,1,1,1,55,55,1,288.0,491687712.0,0.00858,81136.0,4.916877,0.042879,4.997552,0.04218680466,210830400
alexnet_permute_conv2d_1_0321456,4,1,1,227,227,3,11,11,3,96,1,55,55,96,0,3,2,1,4,5,6,1,227,227,1,11,11,1,1,1,55,55,1,288.0,491687712.0,0.00804,74361.0,4.916877,0.042879,5.333209,0.03953169108,210830400
alexnet_permute_conv2d_1_0321465,4,1,1,227,227,3,11,11,3,96,1,55,55,96,0,3,2,1,4,6,5,1,227,227,1,11,11,1,1,1,55,55,1,288.0,491687712.0,0.00827,76023.0,4.916877,0.042879,5.184885,0.04066257279,210830400
alexnet_permute_conv2d_1_0321546,4,1,1,227,227,3,11,11,3,96,1,55,55,96,0,3,2,1,5,4,6,1,227,227,1,11,11,1,1,1,55,55,1,288.0,491687712.0,0.00887,81763.0,4.916877,0.042879,4.83416,0.04361269899,210830400
alexnet_permute_conv2d_1_0321564,4,1,1,227,227,3,11,11,3,96,1,55,55,96,0,3,2,1,6,4,5,1,227,227,1,11,11,1,1,1,55,55,1,288.0,491687712.0,0.00877,81328.0,4.916877,0.042879,4.889282,0.04312101129,210830400
alexnet_permute_conv2d_1_0321645,4,1,1,227,227,3,11,11,3,96,1,55,55,96,0,3,2,1,5,6,4,1,227,227,1,11,11,1,1,1,55,55,1,288.0,491687712.0,0.00818,75784.0,4.916877,0.042879,5.241932,0.04022005386,210830400
alexnet_permute_conv2d_1_0321654,4,1,1,227,227,3,11,11,3,96,1,55,55,96,0,3,2,1,6,5,4,1,227,227,1,11,11,1,1,1,55,55,1,288.0,491687712.0,0.00879,81354.0,4.916877,0.042879,4.878157,0.04321934883,210830400
alexnet_permute_conv2d_1_0456123,4,1,1,227,227,3,11,11,3,96,1,55,55,96,0,4,5,6,1,2,3,1,227,227,1,11,11,1,1,1,55,55,1,288.0,595626624.0,0.00653,55367.0,5.956266,0.035396,5.420521,0.03889441698,210830400
alexnet_permute_conv2d_1_0456132,4,1,1,227,227,3,11,11,3,96,1,55,55,96,0,4,6,5,1,2,3,1,227,227,1,11,11,1,1,1,55,55,1,288.0,595626624.0,0.00641,55538.0,5.956266,0.035396,5.521997,0.03817966506,210830400
alexnet_permute_conv2d_1_0456213,4,1,1,227,227,3,11,11,3,96,1,55,55,96,0,5,4,6,1,2,3,1,227,227,1,11,11,1,1,1,55,55,1,288.0,595626624.0,0.00659,56763.0,5.956266,0.035396,5.371168,0.03925179294,210830400
alexnet_permute_conv2d_1_0456231,4,1,1,227,227,3,11,11,3,96,1,55,55,96,0,6,4,5,1,2,3,1,227,227,1,11,11,1,1,1,55,55,1,288.0,595626624.0,0.00644,56689.0,5.956266,0.035396,5.496273,0.03835835304,210830400
alexnet_permute_conv2d_1_0456312,4,1,1,227,227,3,11,11,3,96,1,55,55,96,0,5,6,4,1,2,3,1,227,227,1,11,11,1,1,1,55,55,1,288.0,595626624.0,0.00647,55505.0,5.956266,0.035396,5.470788,0.03853704102,210830400
alexnet_permute_conv2d_1_0456321,4,1,1,227,227,3,11,11,3,96,1,55,55,96,0,6,5,4,1,2,3,1,227,227,1,11,11,1,1,1,55,55,1,288.0,595626624.0,0.00664,56577.0,5.956266,0.035396,5.330723,0.03954960624,210830400
alexnet_permute_conv2d_1_0465123,4,1,1,227,227,3,11,11,3,96,1,55,55,96,0,4,5,6,1,3,2,1,227,227,1,11,11,1,1,1,55,55,1,288.0,595626624.0,0.00653,55303.0,5.956266,0.035396,5.420521,0.03889441698,210830400
alexnet_permute_conv2d_1_0465132,4,1,1,227,227,3,11,11,3,96,1,55,55,96,0,4,6,5,1,3,2,1,227,227,1,11,11,1,1,1,55,55,1,288.0,595626624.0,0.00656,55387.0,5.956266,0.035396,5.395732,0.03907310496,210830400
alexnet_permute_conv2d_1_0465213,4,1,1,227,227,3,11,11,3,96,1,55,55,96,0,5,4,6,1,3,2,1,227,227,1,11,11,1,1,1,55,55,1,288.0,595626624.0,0.00644,56648.0,5.956266,0.035396,5.496273,0.03835835304,210830400
alexnet_permute_conv2d_1_0465231,4,1,1,227,227,3,11,11,3,96,1,55,55,96,0,6,4,5,1,3,2,1,227,227,1,11,11,1,1,1,55,55,1,288.0,595626624.0,0.00661,56823.0,5.956266,0.035396,5.354917,0.03937091826,210830400
alexnet_permute_conv2d_1_0465312,4,1,1,227,227,3,11,11,3,96,1,55,55,96,0,5,6,4,1,3,2,1,227,227,1,11,11,1,1,1,55,55,1,288.0,595626624.0,0.00662,55246.0,5.956266,0.035396,5.346828,0.03943048092,210830400
alexnet_permute_conv2d_1_0465321,4,1,1,227,227,3,11,11,3,96,1,55,55,96,0,6,5,4,1,3,2,1,227,227,1,11,11,1,1,1,55,55,1,288.0,595626624.0,0.00661,56800.0,5.956266,0.035396,5.354917,0.03937091826,210830400
alexnet_permute_conv2d_1_0546123,4,1,1,227,227,3,11,11,3,96,1,55,55,96,0,4,5,6,2,1,3,1,227,227,1,11,11,1,1,1,55,55,1,288.0,595626624.0,0.00644,55471.0,5.956266,0.035396,5.496273,0.03835835304,210830400
alexnet_permute_conv2d_1_0546132,4,1,1,227,227,3,11,11,3,96,1,55,55,96,0,4,6,5,2,1,3,1,227,227,1,11,11,1,1,1,55,55,1,288.0,595626624.0,0.0065,55178.0,5.956266,0.035396,5.445538,0.038715729,210830400
alexnet_permute_conv2d_1_0546213,4,1,1,227,227,3,11,11,3,96,1,55,55,96,0,5,4,6,2,1,3,1,227,227,1,11,11,1,1,1,55,55,1,288.0,595626624.0,0.00649,56761.0,5.956266,0.035396,5.453929,0.03865616634,210830400
alexnet_permute_conv2d_1_0546231,4,1,1,227,227,3,11,11,3,96,1,55,55,96,0,6,4,5,2,1,3,1,227,227,1,11,11,1,1,1,55,55,1,288.0,595626624.0,0.00671,57354.0,5.956266,0.035396,5.275112,0.03996654486,210830400
alexnet_permute_conv2d_1_0546312,4,1,1,227,227,3,11,11,3,96,1,55,55,96,0,5,6,4,2,1,3,1,227,227,1,11,11,1,1,1,55,55,1,288.0,595626624.0,0.00644,55456.0,5.956266,0.035396,5.496273,0.03835835304,210830400
alexnet_permute_conv2d_1_0546321,4,1,1,227,227,3,11,11,3,96,1,55,55,96,0,6,5,4,2,1,3,1,227,227,1,11,11,1,1,1,55,55,1,288.0,595626624.0,0.00654,57336.0,5.956266,0.035396,5.412232,0.03895397964,210830400
alexnet_permute_conv2d_1_0564123,4,1,1,227,227,3,11,11,3,96,1,55,55,96,0,4,5,6,3,1,2,1,227,227,1,11,11,1,1,1,55,55,1,288.0,595626624.0,0.00649,55229.0,5.956266,0.035396,5.453929,0.03865616634,210830400
alexnet_permute_conv2d_1_0564132,4,1,1,227,227,3,11,11,3,96,1,55,55,96,0,4,6,5,3,1,2,1,227,227,1,11,11,1,1,1,55,55,1,288.0,595626624.0,0.00652,55251.0,5.956266,0.035396,5.428834,0.03883485432,210830400
alexnet_permute_conv2d_1_0564213,4,1,1,227,227,3,11,11,3,96,1,55,55,96,0,5,4,6,3,1,2,1,227,227,1,11,11,1,1,1,55,55,1,288.0,595626624.0,0.0065,56822.0,5.956266,0.035396,5.445538,0.038715729,210830400
alexnet_permute_conv2d_1_0564231,4,1,1,227,227,3,11,11,3,96,1,55,55,96,0,6,4,5,3,1,2,1,227,227,1,11,11,1,1,1,55,55,1,288.0,595626624.0,0.00671,57322.0,5.956266,0.035396,5.275112,0.03996654486,210830400
alexnet_permute_conv2d_1_0564312,4,1,1,227,227,3,11,11,3,96,1,55,55,96,0,5,6,4,3,1,2,1,227,227,1,11,11,1,1,1,55,55,1,288.0,595626624.0,0.0065,55190.0,5.956266,0.035396,5.445538,0.038715729,210830400
alexnet_permute_conv2d_1_0564321,4,1,1,227,227,3,11,11,3,96,1,55,55,96,0,6,5,4,3,1,2,1,227,227,1,11,11,1,1,1,55,55,1,288.0,595626624.0,0.00654,57297.0,5.956266,0.035396,5.412232,0.03895397964,210830400
alexnet_permute_conv2d_1_0645123,4,1,1,227,227,3,11,11,3,96,1,55,55,96,0,4,5,6,2,3,1,1,227,227,1,11,11,1,1,1,55,55,1,288.0,595626624.0,0.00655,55456.0,5.956266,0.035396,5.403969,0.0390135423,210830400
alexnet_permute_conv2d_1_0645132,4,1,1,227,227,3,11,11,3,96,1,55,55,96,0,4,6,5,2,3,1,1,227,227,1,11,11,1,1,1,55,55,1,288.0,595626624.0,0.00656,55387.0,5.956266,0.035396,5.395732,0.03907310496,210830400
alexnet_permute_conv2d_1_0645213,4,1,1,227,227,3,11,11,3,96,1,55,55,96,0,5,4,6,2,3,1,1,227,227,1,11,11,1,1,1,55,55,1,288.0,595626624.0,0.0066,56799.0,5.956266,0.035396,5.36303,0.0393113556,210830400
alexnet_permute_conv2d_1_0645231,4,1,1,227,227,3,11,11,3,96,1,55,55,96,0,6,4,5,2,3,1,1,227,227,1,11,11,1,1,1,55,55,1,288.0,595626624.0,0.0066,56819.0,5.956266,0.035396,5.36303,0.0393113556,210830400
alexnet_permute_conv2d_1_0645312,4,1,1,227,227,3,11,11,3,96,1,55,55,96,0,5,6,4,2,3,1,1,227,227,1,11,11,1,1,1,55,55,1,288.0,595626624.0,0.00655,55454.0,5.956266,0.035396,5.403969,0.0390135423,210830400
alexnet_permute_conv2d_1_0645321,4,1,1,227,227,3,11,11,3,96,1,55,55,96,0,6,5,4,2,3,1,1,227,227,1,11,11,1,1,1,55,55,1,288.0,595626624.0,0.0063,56231.0,5.956266,0.035396,5.618413,0.0375244758,210830400
alexnet_permute_conv2d_1_0654123,4,1,1,227,227,3,11,11,3,96,1,55,55,96,0,4,5,6,3,2,1,1,227,227,1,11,11,1,1,1,55,55,1,288.0,595626624.0,0.00651,55243.0,5.956266,0.035396,5.437174,0.03877529166,210830400
alexnet_permute_conv2d_1_0654132,4,1,1,227,227,3,11,11,3,96,1,55,55,96,0,4,6,5,3,2,1,1,227,227,1,11,11,1,1,1,55,55,1,288.0,595626624.0,0.0065,55176.0,5.956266,0.035396,5.445538,0.038715729,210830400
alexnet_permute_conv2d_1_0654213,4,1,1,227,227,3,11,11,3,96,1,55,55,96,0,5,4,6,3,2,1,1,227,227,1,11,11,1,1,1,55,55,1,288.0,595626624.0,0.0067,57275.0,5.956266,0.035396,5.282985,0.0399069822,210830400
alexnet_permute_conv2d_1_0654231,4,1,1,227,227,3,11,11,3,96,1,55,55,96,0,6,4,5,3,2,1,1,227,227,1,11,11,1,1,1,55,55,1,288.0,595626624.0,0.00666,57170.0,5.956266,0.035396,5.314715,0.03966873156,210830400
alexnet_permute_conv2d_1_0654312,4,1,1,227,227,3,11,11,3,96,1,55,55,96,0,5,6,4,3,2,1,1,227,227,1,11,11,1,1,1,55,55,1,288.0,595626624.0,0.00651,55243.0,5.956266,0.035396,5.437174,0.03877529166,210830400
alexnet_permute_conv2d_1_0654321,4,1,1,227,227,3,11,11,3,96,1,55,55,96,0,6,5,4,3,2,1,1,227,227,1,11,11,1,1,1,55,55,1,288.0,595626624.0,0.00649,56802.0,5.956266,0.035396,5.453929,0.03865616634,210830400
alexnet_permute_conv2d_2_0123456,1,1,1,31,31,96,5,5,96,256,1,27,27,256,0,1,2,3,4,5,6,1,31,31,32,5,5,32,1,1,27,27,1,768.0,2347358208.0,0.0132,115534.0,23.473582,0.038162,2.891061,0.3098512824,895795200
alexnet_permute_conv2d_2_0123465,1,1,1,31,31,96,5,5,96,256,1,27,27,256,0,1,2,3,4,6,5,1,31,31,32,5,5,32,1,1,27,27,1,768.0,1896661248.0,0.0126,112521.0,18.966612,0.04723,3.748413,0.2389793112,895795200
alexnet_permute_conv2d_2_0123546,1,1,1,31,31,96,5,5,96,256,1,27,27,256,0,1,2,3,5,4,6,1,31,31,32,5,5,32,1,1,27,27,1,768.0,2347358208.0,0.0146,127437.0,23.473582,0.038162,2.613836,0.3427142972,895795200
alexnet_permute_conv2d_2_0123564,1,1,1,31,31,96,5,5,96,256,1,27,27,256,0,1,2,3,6,4,5,1,31,31,32,5,5,32,1,1,27,27,1,768.0,1896661248.0,0.0126,112424.0,18.966612,0.04723,3.748413,0.2389793112,895795200
alexnet_permute_conv2d_2_0123645,1,1,1,31,31,96,5,5,96,256,1,27,27,256,0,1,2,3,5,6,4,1,31,31,32,5,5,32,1,1,27,27,1,768.0,1893861888.0,0.0158,145333.0,18.938619,0.0473,2.993671,0.2992301802,895795200
alexnet_permute_conv2d_2_0123654,1,1,1,31,31,96,5,5,96,256,1,27,27,256,0,1,2,3,6,5,4,1,31,31,32,5,5,32,1,1,27,27,1,768.0,1893861888.0,0.0161,146152.0,18.938619,0.0473,2.937888,0.3049117659,895795200
alexnet_permute_conv2d_2_0132456,1,1,1,31,31,96,5,5,96,256,1,27,27,256,0,1,3,2,4,5,6,1,31,31,32,5,5,32,1,1,27,27,1,768.0,2347358208.0,0.0131,114817.0,23.473582,0.038162,2.91313,0.3075039242,895795200
alexnet_permute_conv2d_2_0132465,1,1,1,31,31,96,5,5,96,256,1,27,27,256,0,1,3,2,4,6,5,1,31,31,32,5,5,32,1,1,27,27,1,768.0,1896661248.0,0.0125,112030.0,18.966612,0.04723,3.7784,0.23708265,895795200
alexnet_permute_conv2d_2_0132546,1,1,1,31,31,96,5,5,96,256,1,27,27,256,0,1,3,2,5,4,6,1,31,31,32,5,5,32,1,1,27,27,1,768.0,2347358208.0,0.0146,127309.0,23.473582,0.038162,2.613836,0.3427142972,895795200
alexnet_permute_conv2d_2_0132564,1,1,1,31,31,96,5,5,96,256,1,27,27,256,0,1,3,2,6,4,5,1,31,31,32,5,5,32,1,1,27,27,1,768.0,1896661248.0,0.0126,112879.0,18.966612,0.04723,3.748413,0.2389793112,895795200
alexnet_permute_conv2d_2_0132645,1,1,1,31,31,96,5,5,96,256,1,27,27,256,0,1,3,2,5,6,4,1,31,31,32,5,5,32,1,1,27,27,1,768.0,1893861888.0,0.0159,144653.0,18.938619,0.0473,2.974843,0.3011240421,895795200
alexnet_permute_conv2d_2_0132654,1,1,1,31,31,96,5,5,96,256,1,27,27,256,0,1,3,2,6,5,4,1,31,31,32,5,5,32,1,1,27,27,1,768.0,1893861888.0,0.0174,146769.0,18.938619,0.0473,2.718391,0.3295319706,895795200
alexnet_permute_conv2d_2_0213456,1,1,1,31,31,96,5,5,96,256,1,27,27,256,0,2,1,3,4,5,6,1,31,31,32,5,5,32,1,1,27,27,1,768.0,2347358208.0,0.013,114817.0,23.473582,0.038162,2.935538,0.305156566,895795200
alexnet_permute_conv2d_2_0213465,1,1,1,31,31,96,5,5,96,256,1,27,27,256,0,2,1,3,4,6,5,1,31,31,32,5,5,32,1,1,27,27,1,768.0,1896661248.0,0.0125,112320.0,18.966612,0.04723,3.7784,0.23708265,895795200
alexnet_permute_conv2d_2_0213546,1,1,1,31,31,96,5,5,96,256,1,27,27,256,0,2,1,3,5,4,6,1,31,31,32,5,5,32,1,1,27,27,1,768.0,2347358208.0,0.0144,127459.0,23.473582,0.038162,2.650139,0.3380195808,895795200
alexnet_permute_conv2d_2_0213564,1,1,1,31,31,96,5,5,96,256,1,27,27,256,0,2,1,3,6,4,5,1,31,31,32,5,5,32,1,1,27,27,1,768.0,1896661248.0,0.0125,111997.0,18.966612,0.04723,3.7784,0.23708265,895795200
alexnet_permute_conv2d_2_0213645,1,1,1,31,31,96,5,5,96,256,1,27,27,256,0,2,1,3,5,6,4,1,31,31,32,5,5,32,1,1,27,27,1,768.0,1893861888.0,0.016,144577.0,18.938619,0.0473,2.95625,0.303017904,895795200
alexnet_permute_conv2d_2_0213654,1,1,1,31,31,96,5,5,96,256,1,27,27,256,0,2,1,3,6,5,4,1,31,31,32,5,5,32,1,1,27,27,1,768.0,1893861888.0,0.016,145330.0,18.938619,0.0473,2.95625,0.303017904,895795200
alexnet_permute_conv2d_2_0231456,1,1,1,31,31,96,5,5,96,256,1,27,27,256,0,3,1,2,4,5,6,1,31,31,32,5,5,32,1,1,27,27,1,768.0,2347358208.0,0.0132,116125.0,23.473582,0.038162,2.891061,0.3098512824,895795200
alexnet_permute_conv2d_2_0231465,1,1,1,31,31,96,5,5,96,256,1,27,27,256,0,3,1,2,4,6,5,1,31,31,32,5,5,32,1,1,27,27,1,768.0,1896661248.0,0.0125,112272.0,18.966612,0.04723,3.7784,0.23708265,895795200
alexnet_permute_conv2d_2_0231546,1,1,1,31,31,96,5,5,96,256,1,27,27,256,0,3,1,2,5,4,6,1,31,31,32,5,5,32,1,1,27,27,1,768.0,2347358208.0,0.0146,127700.0,23.473582,0.038162,2.613836,0.3427142972,895795200
alexnet_permute_conv2d_2_0231564,1,1,1,31,31,96,5,5,96,256,1,27,27,256,0,3,1,2,6,4,5,1,31,31,32,5,5,32,1,1,27,27,1,768.0,1896661248.0,0.0125,112055.0,18.966612,0.04723,3.7784,0.23708265,895795200
alexnet_permute_conv2d_2_0231645,1,1,1,31,31,96,5,5,96,256,1,27,27,256,0,3,1,2,5,6,4,1,31,31,32,5,5,32,1,1,27,27,1,768.0,1893861888.0,0.0159,145212.0,18.938619,0.0473,2.974843,0.3011240421,895795200
alexnet_permute_conv2d_2_0231654,1,1,1,31,31,96,5,5,96,256,1,27,27,256,0,3,1,2,6,5,4,1,31,31,32,5,5,32,1,1,27,27,1,768.0,1893861888.0,0.0158,144677.0,18.938619,0.0473,2.993671,0.2992301802,895795200
alexnet_permute_conv2d_2_0312456,1,1,1,31,31,96,5,5,96,256,1,27,27,256,0,2,3,1,4,5,6,1,31,31,32,5,5,32,1,1,27,27,1,768.0,2347358208.0,0.0133,116422.0,23.473582,0.038162,2.869323,0.3121986406,895795200
alexnet_permute_conv2d_2_0312465,1,1,1,31,31,96,5,5,96,256,1,27,27,256,0,2,3,1,4,6,5,1,31,31,32,5,5,32,1,1,27,27,1,768.0,1896661248.0,0.0126,112425.0,18.966612,0.04723,3.748413,0.2389793112,895795200
alexnet_permute_conv2d_2_0312546,1,1,1,31,31,96,5,5,96,256,1,27,27,256,0,2,3,1,5,4,6,1,31,31,32,5,5,32,1,1,27,27,1,768.0,2347358208.0,0.0146,127323.0,23.473582,0.038162,2.613836,0.3427142972,895795200
alexnet_permute_conv2d_2_0312564,1,1,1,31,31,96,5,5,96,256,1,27,27,256,0,2,3,1,6,4,5,1,31,31,32,5,5,32,1,1,27,27,1,768.0,1896661248.0,0.0127,112793.0,18.966612,0.04723,3.718898,0.2408759724,895795200
alexnet_permute_conv2d_2_0312645,1,1,1,31,31,96,5,5,96,256,1,27,27,256,0,2,3,1,5,6,4,1,31,31,32,5,5,32,1,1,27,27,1,768.0,1893861888.0,0.0158,144063.0,18.938619,0.0473,2.993671,0.2992301802,895795200
alexnet_permute_conv2d_2_0312654,1,1,1,31,31,96,5,5,96,256,1,27,27,256,0,2,3,1,6,5,4,1,31,31,32,5,5,32,1,1,27,27,1,768.0,1893861888.0,0.0159,144630.0,18.938619,0.0473,2.974843,0.3011240421,895795200
alexnet_permute_conv2d_2_0321456,1,1,1,31,31,96,5,5,96,256,1,27,27,256,0,3,2,1,4,5,6,1,31,31,32,5,5,32,1,1,27,27,1,768.0,2347358208.0,0.0132,116059.0,23.473582,0.038162,2.891061,0.3098512824,895795200
alexnet_permute_conv2d_2_0321465,1,1,1,31,31,96,5,5,96,256,1,27,27,256,0,3,2,1,4,6,5,1,31,31,32,5,5,32,1,1,27,27,1,768.0,1896661248.0,0.0125,112272.0,18.966612,0.04723,3.7784,0.23708265,895795200
alexnet_permute_conv2d_2_0321546,1,1,1,31,31,96,5,5,96,256,1,27,27,256,0,3,2,1,5,4,6,1,31,31,32,5,5,32,1,1,27,27,1,768.0,2347358208.0,0.0146,128436.0,23.473582,0.038162,2.613836,0.3427142972,895795200
alexnet_permute_conv2d_2_0321564,1,1,1,31,31,96,5,5,96,256,1,27,27,256,0,3,2,1,6,4,5,1,31,31,32,5,5,32,1,1,27,27,1,768.0,1896661248.0,0.0125,112054.0,18.966612,0.04723,3.7784,0.23708265,895795200
alexnet_permute_conv2d_2_0321645,1,1,1,31,31,96,5,5,96,256,1,27,27,256,0,3,2,1,5,6,4,1,31,31,32,5,5,32,1,1,27,27,1,768.0,1893861888.0,0.0159,144559.0,18.938619,0.0473,2.974843,0.3011240421,895795200
alexnet_permute_conv2d_2_0321654,1,1,1,31,31,96,5,5,96,256,1,27,27,256,0,3,2,1,6,5,4,1,31,31,32,5,5,32,1,1,27,27,1,768.0,1893861888.0,0.0161,146164.0,18.938619,0.0473,2.937888,0.3049117659,895795200
alexnet_permute_conv2d_2_0456123,1,1,1,31,31,96,5,5,96,256,1,27,27,256,0,4,5,6,1,2,3,1,31,31,32,5,5,32,1,1,27,27,1,768.0,2357954304.0,0.0133,114968.0,23.579543,0.03799,2.856391,0.3136079219,895795200
alexnet_permute_conv2d_2_0456132,1,1,1,31,31,96,5,5,96,256,1,27,27,256,0,4,6,5,1,2,3,1,31,31,32,5,5,32,1,1,27,27,1,768.0,2357954304.0,0.0138,115745.0,23.579543,0.03799,2.752899,0.3253976934,895795200
alexnet_permute_conv2d_2_0456213,1,1,1,31,31,96,5,5,96,256,1,27,27,256,0,5,4,6,1,2,3,1,31,31,32,5,5,32,1,1,27,27,1,768.0,2357954304.0,0.0137,116176.0,23.579543,0.03799,2.772993,0.3230397391,895795200
alexnet_permute_conv2d_2_0456231,1,1,1,31,31,96,5,5,96,256,1,27,27,256,0,6,4,5,1,2,3,1,31,31,32,5,5,32,1,1,27,27,1,768.0,2357954304.0,0.0138,115712.0,23.579543,0.03799,2.752899,0.3253976934,895795200
alexnet_permute_conv2d_2_0456312,1,1,1,31,31,96,5,5,96,256,1,27,27,256,0,5,6,4,1,2,3,1,31,31,32,5,5,32,1,1,27,27,1,768.0,2357954304.0,0.0134,115800.0,23.579543,0.03799,2.835075,0.3159658762,895795200
alexnet_permute_conv2d_2_0456321,1,1,1,31,31,96,5,5,96,256,1,27,27,256,0,6,5,4,1,2,3,1,31,31,32,5,5,32,1,1,27,27,1,768.0,2357954304.0,0.0136,114921.0,23.579543,0.03799,2.793382,0.3206817848,895795200
alexnet_permute_conv2d_2_0465123,1,1,1,31,31,96,5,5,96,256,1,27,27,256,0,4,5,6,1,3,2,1,31,31,32,5,5,32,1,1,27,27,1,768.0,2805832704.0,0.0247,137962.0,28.058327,0.031926,1.292551,0.6930406769,895795200
alexnet_permute_conv2d_2_0465132,1,1,1,31,31,96,5,5,96,256,1,27,27,256,0,4,6,5,1,3,2,1,31,31,32,5,5,32,1,1,27,27,1,768.0,2805832704.0,0.0218,137744.0,28.058327,0.031926,1.464495,0.6116715286,895795200
alexnet_permute_conv2d_2_0465213,1,1,1,31,31,96,5,5,96,256,1,27,27,256,0,5,4,6,1,3,2,1,31,31,32,5,5,32,1,1,27,27,1,768.0,2805832704.0,0.0246,141119.0,28.058327,0.031926,1.297805,0.6902348442,895795200
alexnet_permute_conv2d_2_0465231,1,1,1,31,31,96,5,5,96,256,1,27,27,256,0,6,4,5,1,3,2,1,31,31,32,5,5,32,1,1,27,27,1,768.0,2805832704.0,0.0212,140613.0,28.058327,0.031926,1.505943,0.5948365324,895795200
alexnet_permute_conv2d_2_0465312,1,1,1,31,31,96,5,5,96,256,1,27,27,256,0,5,6,4,1,3,2,1,31,31,32,5,5,32,1,1,27,27,1,768.0,2805832704.0,0.0224,136917.0,28.058327,0.031926,1.425268,0.6285065248,895795200
alexnet_permute_conv2d_2_0465321,1,1,1,31,31,96,5,5,96,256,1,27,27,256,0,6,5,4,1,3,2,1,31,31,32,5,5,32,1,1,27,27,1,768.0,2805832704.0,0.0212,141636.0,28.058327,0.031926,1.505943,0.5948365324,895795200
alexnet_permute_conv2d_2_0546123,1,1,1,31,31,96,5,5,96,256,1,27,27,256,0,4,5,6,2,1,3,1,31,31,32,5,5,32,1,1,27,27,1,768.0,2357954304.0,0.0137,115533.0,23.579543,0.03799,2.772993,0.3230397391,895795200
alexnet_permute_conv2d_2_0546132,1,1,1,31,31,96,5,5,96,256,1,27,27,256,0,4,6,5,2,1,3,1,31,31,32,5,5,32,1,1,27,27,1,768.0,2357954304.0,0.0136,115513.0,23.579543,0.03799,2.793382,0.3206817848,895795200
alexnet_permute_conv2d_2_0546213,1,1,1,31,31,96,5,5,96,256,1,27,27,256,0,5,4,6,2,1,3,1,31,31,32,5,5,32,1,1,27,27,1,768.0,2357954304.0,0.0136,114937.0,23.579543,0.03799,2.793382,0.3206817848,895795200
alexnet_permute_conv2d_2_0546231,1,1,1,31,31,96,5,5,96,256,1,27,27,256,0,6,4,5,2,1,3,1,31,31,32,5,5,32,1,1,27,27,1,768.0,2357954304.0,0.0135,115998.0,23.579543,0.03799,2.814074,0.3183238305,895795200
alexnet_permute_conv2d_2_0546312,1,1,1,31,31,96,5,5,96,256,1,27,27,256,0,5,6,4,2,1,3,1,31,31,32,5,5,32,1,1,27,27,1,768.0,2357954304.0,0.0135,115475.0,23.579543,0.03799,2.814074,0.3183238305,895795200
alexnet_permute_conv2d_2_0546321,1,1,1,31,31,96,5,5,96,256,1,27,27,256,0,6,5,4,2,1,3,1,31,31,32,5,5,32,1,1,27,27,1,768.0,2357954304.0,0.0135,115404.0,23.579543,0.03799,2.814074,0.3183238305,895795200
alexnet_permute_conv2d_2_0564123,1,1,1,31,31,96,5,5,96,256,1,27,27,256,0,4,5,6,3,1,2,1,31,31,32,5,5,32,1,1,27,27,1,768.0,2805832704.0,0.0232,136382.0,28.058327,0.031926,1.376121,0.6509531864,895795200
alexnet_permute_conv2d_2_0564132,1,1,1,31,31,96,5,5,96,256,1,27,27,256,0,4,6,5,3,1,2,1,31,31,32,5,5,32,1,1,27,27,1,768.0,2805832704.0,0.0237,137270.0,28.058327,0.031926,1.347089,0.6649823499,895795200
alexnet_permute_conv2d_2_0564213,1,1,1,31,31,96,5,5,96,256,1,27,27,256,0,5,4,6,3,1,2,1,31,31,32,5,5,32,1,1,27,27,1,768.0,2805832704.0,0.0225,140431.0,28.058327,0.031926,1.418933,0.6313123575,895795200
alexnet_permute_conv2d_2_0564231,1,1,1,31,31,96,5,5,96,256,1,27,27,256,0,6,4,5,3,1,2,1,31,31,32,5,5,32,1,1,27,27,1,768.0,2805832704.0,0.0245,140227.0,28.058327,0.031926,1.303102,0.6874290115,895795200
alexnet_permute_conv2d_2_0564312,1,1,1,31,31,96,5,5,96,256,1,27,27,256,0,5,6,4,3,1,2,1,31,31,32,5,5,32,1,1,27,27,1,768.0,2805832704.0,0.0234,136272.0,28.058327,0.031926,1.364359,0.6565648518,895795200
alexnet_permute_conv2d_2_0564321,1,1,1,31,31,96,5,5,96,256,1,27,27,256,0,6,5,4,3,1,2,1,31,31,32,5,5,32,1,1,27,27,1,768.0,2805832704.0,0.0243,140286.0,28.058327,0.031926,1.313827,0.6818173461,895795200
alexnet_permute_conv2d_2_0645123,1,1,1,31,31,96,5,5,96,256,1,27,27,256,0,4,5,6,2,3,1,1,31,31,32,5,5,32,1,1,27,27,1,768.0,2805853440.0,0.0225,136900.0,28.058534,0.031926,1.418933,0.631317015,895795200
alexnet_permute_conv2d_2_0645132,1,1,1,31,31,96,5,5,96,256,1,27,27,256,0,4,6,5,2,3,1,1,31,31,32,5,5,32,1,1,27,27,1,768.0,2805853440.0,0.0241,137255.0,28.058534,0.031926,1.32473,0.6762106694,895795200
alexnet_permute_conv2d_2_0645213,1,1,1,31,31,96,5,5,96,256,1,27,27,256,0,5,4,6,2,3,1,1,31,31,32,5,5,32,1,1,27,27,1,768.0,2805853440.0,0.0227,141650.0,28.058534,0.031926,1.406432,0.6369287218,895795200
alexnet_permute_conv2d_2_0645231,1,1,1,31,31,96,5,5,96,256,1,27,27,256,0,6,4,5,2,3,1,1,31,31,32,5,5,32,1,1,27,27,1,768.0,2805853440.0,0.0248,141847.0,28.058534,0.031926,1.287339,0.6958516432,895795200
alexnet_permute_conv2d_2_0645312,1,1,1,31,31,96,5,5,96,256,1,27,27,256,0,5,6,4,2,3,1,1,31,31,32,5,5,32,1,1,27,27,1,768.0,2805853440.0,0.0218,136850.0,28.058534,0.031926,1.464495,0.6116760412,895795200
alexnet_permute_conv2d_2_0645321,1,1,1,31,31,96,5,5,96,256,1,27,27,256,0,6,5,4,2,3,1,1,31,31,32,5,5,32,1,1,27,27,1,768.0,2805853440.0,0.024,141193.0,28.058534,0.031926,1.33025,0.673404816,895795200
alexnet_permute_conv2d_2_0654123,1,1,1,31,31,96,5,5,96,256,1,27,27,256,0,4,5,6,3,2,1,1,31,31,32,5,5,32,1,1,27,27,1,768.0,2805853440.0,0.0221,137290.0,28.058534,0.031926,1.444615,0.6200936014,895795200
alexnet_permute_conv2d_2_0654132,1,1,1,31,31,96,5,5,96,256,1,27,27,256,0,4,6,5,3,2,1,1,31,31,32,5,5,32,1,1,27,27,1,768.0,2805853440.0,0.0214,137299.0,28.058534,0.031926,1.491869,0.6004526276,895795200
alexnet_permute_conv2d_2_0654213,1,1,1,31,31,96,5,5,96,256,1,27,27,256,0,5,4,6,3,2,1,1,31,31,32,5,5,32,1,1,27,27,1,768.0,2805853440.0,0.0209,139717.0,28.058534,0.031926,1.52756,0.5864233606,895795200
alexnet_permute_conv2d_2_0654231,1,1,1,31,31,96,5,5,96,256,1,27,27,256,0,6,4,5,3,2,1,1,31,31,32,5,5,32,1,1,27,27,1,768.0,2805853440.0,0.0234,139719.0,28.058534,0.031926,1.364359,0.6565696956,895795200
alexnet_permute_conv2d_2_0654312,1,1,1,31,31,96,5,5,96,256,1,27,27,256,0,5,6,4,3,2,1,1,31,31,32,5,5,32,1,1,27,27,1,768.0,2805853440.0,0.0225,136645.0,28.058534,0.031926,1.418933,0.631317015,895795200
alexnet_permute_conv2d_2_0654321,1,1,1,31,31,96,5,5,96,256,1,27,27,256,0,6,5,4,3,2,1,1,31,31,32,5,5,32,1,1,27,27,1,768.0,2805853440.0,0.0241,139110.0,28.058534,0.031926,1.32473,0.6762106694,895795200
alexnet_permute_conv2d_3_0123456,1,1,1,15,15,256,3,3,256,384,1,13,13,384,0,1,2,3,4,5,6,1,15,15,128,3,3,128,1,1,13,13,1,768.0,841064448.0,0.0123,109121.0,8.410644,0.035555,2.89065,0.1034509212,299040768
alexnet_permute_conv2d_3_0123465,1,1,1,15,15,256,3,3,256,384,1,13,13,384,0,1,2,3,4,6,5,1,15,15,128,3,3,128,1,1,13,13,1,768.0,691414272.0,0.0114,103105.0,6.914143,0.043251,3.793947,0.0788212302,299040768
alexnet_permute_conv2d_3_0123546,1,1,1,15,15,256,3,3,256,384,1,13,13,384,0,1,2,3,5,4,6,1,15,15,128,3,3,128,1,1,13,13,1,768.0,841064448.0,0.0122,108384.0,8.410644,0.035555,2.914344,0.1026098568,299040768
alexnet_permute_conv2d_3_0123564,1,1,1,15,15,256,3,3,256,384,1,13,13,384,0,1,2,3,6,4,5,1,15,15,128,3,3,128,1,1,13,13,1,768.0,691414272.0,0.0115,103378.0,6.914143,0.043251,3.760957,0.0795126445,299040768
alexnet_permute_conv2d_3_0123645,1,1,1,15,15,256,3,3,256,384,1,13,13,384,0,1,2,3,5,6,4,1,15,15,128,3,3,128,1,1,13,13,1,768.0,691414272.0,0.0107,98348.0,6.914143,0.043251,4.04215,0.0739813301,299040768
alexnet_permute_conv2d_3_0123654,1,1,1,15,15,256,3,3,256,384,1,13,13,384,0,1,2,3,6,5,4,1,15,15,128,3,3,128,1,1,13,13,1,768.0,691414272.0,0.0117,99618.0,6.914143,0.043251,3.696667,0.0808954731,299040768
alexnet_permute_conv2d_3_0132456,1,1,1,15,15,256,3,3,256,384,1,13,13,384,0,1,3,2,4,5,6,1,15,15,128,3,3,128,1,1,13,13,1,768.0,841065984.0,0.0127,108359.0,8.41066,0.035555,2.799606,0.106815382,299040768
alexnet_permute_conv2d_3_0132465,1,1,1,15,15,256,3,3,256,384,1,13,13,384,0,1,3,2,4,6,5,1,15,15,128,3,3,128,1,1,13,13,1,768.0,691415808.0,0.0113,103350.0,6.914158,0.04325,3.827434,0.0781299854,299040768
alexnet_permute_conv2d_3_0132546,1,1,1,15,15,256,3,3,256,384,1,13,13,384,0,1,3,2,5,4,6,1,15,15,128,3,3,128,1,1,13,13,1,768.0,841065984.0,0.0128,109104.0,8.41066,0.035555,2.777734,0.107656448,299040768
alexnet_permute_conv2d_3_0132564,1,1,1,15,15,256,3,3,256,384,1,13,13,384,0,1,3,2,6,4,5,1,15,15,128,3,3,128,1,1,13,13,1,768.0,691415808.0,0.0114,103735.0,6.914158,0.04325,3.79386,0.0788214012,299040768
alexnet_permute_conv2d_3_0132645,1,1,1,15,15,256,3,3,256,384,1,13,13,384,0,1,3,2,5,6,4,1,15,15,128,3,3,128,1,1,13,13,1,768.0,691414272.0,0.0108,99211.0,6.914143,0.043251,4.004722,0.0746727444,299040768
alexnet_permute_conv2d_3_0132654,1,1,1,15,15,256,3,3,256,384,1,13,13,384,0,1,3,2,6,5,4,1,15,15,128,3,3,128,1,1,13,13,1,768.0,691414272.0,0.0109,99914.0,6.914143,0.043251,3.967982,0.0753641587,299040768
alexnet_permute_conv2d_3_0213456,1,1,1,15,15,256,3,3,256,384,1,13,13,384,0,2,1,3,4,5,6,1,15,15,128,3,3,128,1,1,13,13,1,768.0,841195776.0,0.0127,108708.0,8.411958,0.035549,2.799134,0.1068318666,299040768
alexnet_permute_conv2d_3_0213465,1,1,1,15,15,256,3,3,256,384,1,13,13,384,0,2,1,3,4,6,5,1,15,15,128,3,3,128,1,1,13,13,1,768.0,691545600.0,0.0114,103967.0,6.915456,0.043242,3.793158,0.0788361984,299040768
alexnet_permute_conv2d_3_0213546,1,1,1,15,15,256,3,3,256,384,1,13,13,384,0,2,1,3,5,4,6,1,15,15,128,3,3,128,1,1,13,13,1,768.0,841195776.0,0.013,108921.0,8.411958,0.035549,2.734538,0.109355454,299040768
alexnet_permute_conv2d_3_0213564,1,1,1,15,15,256,3,3,256,384,1,13,13,384,0,2,1,3,6,4,5,1,15,15,128,3,3,128,1,1,13,13,1,768.0,691415808.0,0.0113,103958.0,6.914158,0.04325,3.827434,0.0781299854,299040768
alexnet_permute_conv2d_3_0213645,1,1,1,15,15,256,3,3,256,384,1,13,13,384,0,2,1,3,5,6,4,1,15,15,128,3,3,128,1,1,13,13,1,768.0,691415808.0,0.0107,98419.0,6.914158,0.04325,4.042056,0.0739814906,299040768
alexnet_permute_conv2d_3_0213654,1,1,1,15,15,256,3,3,256,384,1,13,13,384,0,2,1,3,6,5,4,1,15,15,128,3,3,128,1,1,13,13,1,768.0,691415808.0,0.0109,99756.0,6.914158,0.04325,3.96789,0.0753643222,299040768
alexnet_permute_conv2d_3_0231456,1,1,1,15,15,256,3,3,256,384,1,13,13,384,0,3,1,2,4,5,6,1,15,15,128,3,3,128,1,1,13,13,1,768.0,841195776.0,0.0121,108540.0,8.411958,0.035549,2.937934,0.1017846918,299040768
alexnet_permute_conv2d_3_0231465,1,1,1,15,15,256,3,3,256,384,1,13,13,384,0,3,1,2,4,6,5,1,15,15,128,3,3,128,1,1,13,13,1,768.0,691545600.0,0.0114,104212.0,6.915456,0.043242,3.793158,0.0788361984,299040768
alexnet_permute_conv2d_3_0231546,1,1,1,15,15,256,3,3,256,384,1,13,13,384,0,3,1,2,5,4,6,1,15,15,128,3,3,128,1,1,13,13,1,768.0,841195776.0,0.0128,108983.0,8.411958,0.035549,2.777266,0.1076730624,299040768
alexnet_permute_conv2d_3_0231564,1,1,1,15,15,256,3,3,256,384,1,13,13,384,0,3,1,2,6,4,5,1,15,15,128,3,3,128,1,1,13,13,1,768.0,691415808.0,0.0115,104377.0,6.914158,0.04325,3.76087,0.079512817,299040768
alexnet_permute_conv2d_3_0231645,1,1,1,15,15,256,3,3,256,384,1,13,13,384,0,3,1,2,5,6,4,1,15,15,128,3,3,128,1,1,13,13,1,768.0,691415808.0,0.0108,98648.0,6.914158,0.04325,4.00463,0.0746729064,299040768
alexnet_permute_conv2d_3_0231654,1,1,1,15,15,256,3,3,256,384,1,13,13,384,0,3,1,2,6,5,4,1,15,15,128,3,3,128,1,1,13,13,1,768.0,691415808.0,0.0109,99520.0,6.914158,0.04325,3.96789,0.0753643222,299040768
alexnet_permute_conv2d_3_0312456,1,1,1,15,15,256,3,3,256,384,1,13,13,384,0,2,3,1,4,5,6,1,15,15,128,3,3,128,1,1,13,13,1,768.0,841065984.0,0.0121,109107.0,8.41066,0.035555,2.93843,0.101768986,299040768
alexnet_permute_conv2d_3_0312465,1,1,1,15,15,256,3,3,256,384,1,13,13,384,0,2,3,1,4,6,5,1,15,15,128,3,3,128,1,1,13,13,1,768.0,691415808.0,0.0113,103900.0,6.914158,0.04325,3.827434,0.0781299854,299040768
alexnet_permute_conv2d_3_0312546,1,1,1,15,15,256,3,3,256,384,1,13,13,384,0,2,3,1,5,4,6,1,15,15,128,3,3,128,1,1,13,13,1,768.0,841065984.0,0.0127,108976.0,8.41066,0.035555,2.799606,0.106815382,299040768
alexnet_permute_conv2d_3_0312564,1,1,1,15,15,256,3,3,256,384,1,13,13,384,0,2,3,1,6,4,5,1,15,15,128,3,3,128,1,1,13,13,1,768.0,691415808.0,0.0113,103006.0,6.914158,0.04325,3.827434,0.0781299854,299040768
alexnet_permute_conv2d_3_0312645,1,1,1,15,15,256,3,3,256,384,1,13,13,384,0,2,3,1,5,6,4,1,15,15,128,3,3,128,1,1,13,13,1,768.0,691414272.0,0.0107,98313.0,6.914143,0.043251,4.04215,0.0739813301,299040768
alexnet_permute_conv2d_3_0312654,1,1,1,15,15,256,3,3,256,384,1,13,13,384,0,2,3,1,6,5,4,1,15,15,128,3,3,128,1,1,13,13,1,768.0,691414272.0,0.0109,99840.0,6.914143,0.043251,3.967982,0.0753641587,299040768
alexnet_permute_conv2d_3_0321456,1,1,1,15,15,256,3,3,256,384,1,13,13,384,0,3,2,1,4,5,6,1,15,15,128,3,3,128,1,1,13,13,1,768.0,841195776.0,0.0126,108592.0,8.411958,0.035549,2.821349,0.1059906708,299040768
alexnet_permute_conv2d_3_0321465,1,1,1,15,15,256,3,3,256,384,1,13,13,384,0,3,2,1,4,6,5,1,15,15,128,3,3,128,1,1,13,13,1,768.0,691545600.0,0.0117,103661.0,6.915456,0.043242,3.695897,0.0809108352,299040768
alexnet_permute_conv2d_3_0321546,1,1,1,15,15,256,3,3,256,384,1,13,13,384,0,3,2,1,5,4,6,1,15,15,128,3,3,128,1,1,13,13,1,768.0,841195776.0,0.0126,108597.0,8.411958,0.035549,2.821349,0.1059906708,299040768
alexnet_permute_conv2d_3_0321564,1,1,1,15,15,256,3,3,256,384,1,13,13,384,0,3,2,1,6,4,5,1,15,15,128,3,3,128,1,1,13,13,1,768.0,691415808.0,0.0114,104356.0,6.914158,0.04325,3.79386,0.0788214012,299040768
alexnet_permute_conv2d_3_0321645,1,1,1,15,15,256,3,3,256,384,1,13,13,384,0,3,2,1,5,6,4,1,15,15,128,3,3,128,1,1,13,13,1,768.0,691415808.0,0.0107,98451.0,6.914158,0.04325,4.042056,0.0739814906,299040768
alexnet_permute_conv2d_3_0321654,1,1,1,15,15,256,3,3,256,384,1,13,13,384,0,3,2,1,6,5,4,1,15,15,128,3,3,128,1,1,13,13,1,768.0,691415808.0,0.0108,99053.0,6.914158,0.04325,4.00463,0.0746729064,299040768
alexnet_permute_conv2d_3_0456123,1,1,1,15,15,256,3,3,256,384,1,13,13,384,0,4,5,6,1,2,3,1,15,15,128,3,3,128,1,1,13,13,1,768.0,981087744.0,0.0135,118153.0,9.810877,0.030481,2.257852,0.1324468395,299040768
alexnet_permute_conv2d_3_0456132,1,1,1,15,15,256,3,3,256,384,1,13,13,384,0,4,6,5,1,2,3,1,15,15,128,3,3,128,1,1,13,13,1,768.0,981087744.0,0.0137,118094.0,9.810877,0.030481,2.224891,0.1344090149,299040768
alexnet_permute_conv2d_3_0456213,1,1,1,15,15,256,3,3,256,384,1,13,13,384,0,5,4,6,1,2,3,1,15,15,128,3,3,128,1,1,13,13,1,768.0,1004086272.0,0.0118,103021.0,10.040863,0.029782,2.523898,0.1184821834,299040768
alexnet_permute_conv2d_3_0456231,1,1,1,15,15,256,3,3,256,384,1,13,13,384,0,6,4,5,1,2,3,1,15,15,128,3,3,128,1,1,13,13,1,768.0,1004086272.0,0.0118,103061.0,10.040863,0.029782,2.523898,0.1184821834,299040768
alexnet_permute_conv2d_3_0456312,1,1,1,15,15,256,3,3,256,384,1,13,13,384,0,5,6,4,1,2,3,1,15,15,128,3,3,128,1,1,13,13,1,768.0,981087744.0,0.0137,117490.0,9.810877,0.030481,2.224891,0.1344090149,299040768
alexnet_permute_conv2d_3_0456321,1,1,1,15,15,256,3,3,256,384,1,13,13,384,0,6,5,4,1,2,3,1,15,15,128,3,3,128,1,1,13,13,1,768.0,1004086272.0,0.0118,103080.0,10.040863,0.029782,2.523898,0.1184821834,299040768
alexnet_permute_conv2d_3_0465123,1,1,1,15,15,256,3,3,256,384,1,13,13,384,0,4,5,6,1,3,2,1,15,15,128,3,3,128,1,1,13,13,1,768.0,981375744.0,0.0137,118165.0,9.813757,0.030472,2.224234,0.1344484709,299040768
alexnet_permute_conv2d_3_0465132,1,1,1,15,15,256,3,3,256,384,1,13,13,384,0,4,6,5,1,3,2,1,15,15,128,3,3,128,1,1,13,13,1,768.0,981375744.0,0.0137,117425.0,9.813757,0.030472,2.224234,0.1344484709,299040768
alexnet_permute_conv2d_3_0465213,1,1,1,15,15,256,3,3,256,384,1,13,13,384,0,5,4,6,1,3,2,1,15,15,128,3,3,128,1,1,13,13,1,768.0,1004083968.0,0.0118,100152.0,10.04084,0.029782,2.523898,0.118481912,299040768
alexnet_permute_conv2d_3_0465231,1,1,1,15,15,256,3,3,256,384,1,13,13,384,0,6,4,5,1,3,2,1,15,15,128,3,3,128,1,1,13,13,1,768.0,1004083968.0,0.0118,100152.0,10.04084,0.029782,2.523898,0.118481912,299040768
alexnet_permute_conv2d_3_0465312,1,1,1,15,15,256,3,3,256,384,1,13,13,384,0,5,6,4,1,3,2,1,15,15,128,3,3,128,1,1,13,13,1,768.0,981375744.0,0.0136,117530.0,9.813757,0.030472,2.240588,0.1334670952,299040768
alexnet_permute_conv2d_3_0465321,1,1,1,15,15,256,3,3,256,384,1,13,13,384,0,6,5,4,1,3,2,1,15,15,128,3,3,128,1,1,13,13,1,768.0,1004083968.0,0.0118,100152.0,10.04084,0.029782,2.523898,0.118481912,299040768
alexnet_permute_conv2d_3_0546123,1,1,1,15,15,256,3,3,256,384,1,13,13,384,0,4,5,6,2,1,3,1,15,15,128,3,3,128,1,1,13,13,1,768.0,981087744.0,0.0137,117947.0,9.810877,0.030481,2.224891,0.1344090149,299040768
alexnet_permute_conv2d_3_0546132,1,1,1,15,15,256,3,3,256,384,1,13,13,384,0,4,6,5,2,1,3,1,15,15,128,3,3,128,1,1,13,13,1,768.0,981087744.0,0.0135,117160.0,9.810877,0.030481,2.257852,0.1324468395,299040768
alexnet_permute_conv2d_3_0546213,1,1,1,15,15,256,3,3,256,384,1,13,13,384,0,5,4,6,2,1,3,1,15,15,128,3,3,128,1,1,13,13,1,768.0,988752384.0,0.0177,149739.0,9.887524,0.030244,1.708701,0.1750091748,299040768
alexnet_permute_conv2d_3_0546231,1,1,1,15,15,256,3,3,256,384,1,13,13,384,0,6,4,5,2,1,3,1,15,15,128,3,3,128,1,1,13,13,1,768.0,988752384.0,0.0174,150050.0,9.887524,0.030244,1.738161,0.1720429176,299040768
alexnet_permute_conv2d_3_0546312,1,1,1,15,15,256,3,3,256,384,1,13,13,384,0,5,6,4,2,1,3,1,15,15,128,3,3,128,1,1,13,13,1,768.0,981087744.0,0.0136,117936.0,9.810877,0.030481,2.24125,0.1334279272,299040768
alexnet_permute_conv2d_3_0546321,1,1,1,15,15,256,3,3,256,384,1,13,13,384,0,6,5,4,2,1,3,1,15,15,128,3,3,128,1,1,13,13,1,768.0,988752384.0,0.0176,149071.0,9.887524,0.030244,1.718409,0.1740204224,299040768
alexnet_permute_conv2d_3_0564123,1,1,1,15,15,256,3,3,256,384,1,13,13,384,0,4,5,6,3,1,2,1,15,15,128,3,3,128,1,1,13,13,1,768.0,981375744.0,0.0137,117068.0,9.813757,0.030472,2.224234,0.1344484709,299040768
alexnet_permute_conv2d_3_0564132,1,1,1,15,15,256,3,3,256,384,1,13,13,384,0,4,6,5,3,1,2,1,15,15,128,3,3,128,1,1,13,13,1,768.0,981375744.0,0.0136,116880.0,9.813757,0.030472,2.240588,0.1334670952,299040768
alexnet_permute_conv2d_3_0564213,1,1,1,15,15,256,3,3,256,384,1,13,13,384,0,5,4,6,3,1,2,1,15,15,128,3,3,128,1,1,13,13,1,768.0,988750080.0,0.0169,145900.0,9.887501,0.030244,1.789586,0.1670987669,299040768
alexnet_permute_conv2d_3_0564231,1,1,1,15,15,256,3,3,256,384,1,13,13,384,0,6,4,5,3,1,2,1,15,15,128,3,3,128,1,1,13,13,1,768.0,988750080.0,0.017,146239.0,9.887501,0.030244,1.779059,0.168087517,299040768
alexnet_permute_conv2d_3_0564312,1,1,1,15,15,256,3,3,256,384,1,13,13,384,0,5,6,4,3,1,2,1,15,15,128,3,3,128,1,1,13,13,1,768.0,981375744.0,0.0137,117269.0,9.813757,0.030472,2.224234,0.1344484709,299040768
alexnet_permute_conv2d_3_0564321,1,1,1,15,15,256,3,3,256,384,1,13,13,384,0,6,5,4,3,1,2,1,15,15,128,3,3,128,1,1,13,13,1,768.0,988750080.0,0.0169,146331.0,9.887501,0.030244,1.789586,0.1670987669,299040768
alexnet_permute_conv2d_3_0645123,1,1,1,15,15,256,3,3,256,384,1,13,13,384,0,4,5,6,2,3,1,1,15,15,128,3,3,128,1,1,13,13,1,768.0,981471744.0,0.0135,116705.0,9.814717,0.030469,2.256963,0.1324986795,299040768
alexnet_permute_conv2d_3_0645132,1,1,1,15,15,256,3,3,256,384,1,13,13,384,0,4,6,5,2,3,1,1,15,15,128,3,3,128,1,1,13,13,1,768.0,981471744.0,0.0139,117725.0,9.814717,0.030469,2.192014,0.1364245663,299040768
alexnet_permute_conv2d_3_0645213,1,1,1,15,15,256,3,3,256,384,1,13,13,384,0,5,4,6,2,3,1,1,15,15,128,3,3,128,1,1,13,13,1,768.0,1004179968.0,0.0114,99805.0,10.0418,0.02978,2.612281,0.11447652,299040768
alexnet_permute_conv2d_3_0645231,1,1,1,15,15,256,3,3,256,384,1,13,13,384,0,6,4,5,2,3,1,1,15,15,128,3,3,128,1,1,13,13,1,768.0,1004179968.0,0.0115,99874.0,10.0418,0.02978,2.589565,0.1154807,299040768
alexnet_permute_conv2d_3_0645312,1,1,1,15,15,256,3,3,256,384,1,13,13,384,0,5,6,4,2,3,1,1,15,15,128,3,3,128,1,1,13,13,1,768.0,981471744.0,0.0135,116512.0,9.814717,0.030469,2.256963,0.1324986795,299040768
alexnet_permute_conv2d_3_0645321,1,1,1,15,15,256,3,3,256,384,1,13,13,384,0,6,5,4,2,3,1,1,15,15,128,3,3,128,1,1,13,13,1,768.0,1004179968.0,0.0114,99805.0,10.0418,0.02978,2.612281,0.11447652,299040768
alexnet_permute_conv2d_3_0654123,1,1,1,15,15,256,3,3,256,384,1,13,13,384,0,4,5,6,3,2,1,1,15,15,128,3,3,128,1,1,13,13,1,768.0,981471744.0,0.0138,118137.0,9.814717,0.030469,2.207899,0.1354430946,299040768
alexnet_permute_conv2d_3_0654132,1,1,1,15,15,256,3,3,256,384,1,13,13,384,0,4,6,5,3,2,1,1,15,15,128,3,3,128,1,1,13,13,1,768.0,981471744.0,0.0137,118092.0,9.814717,0.030469,2.224015,0.1344616229,299040768
alexnet_permute_conv2d_3_0654213,1,1,1,15,15,256,3,3,256,384,1,13,13,384,0,5,4,6,3,2,1,1,15,15,128,3,3,128,1,1,13,13,1,768.0,988846080.0,0.0171,147149.0,9.888461,0.030241,1.76848,0.1690926831,299040768
alexnet_permute_conv2d_3_0654231,1,1,1,15,15,256,3,3,256,384,1,13,13,384,0,6,4,5,3,2,1,1,15,15,128,3,3,128,1,1,13,13,1,768.0,988846080.0,0.0171,146212.0,9.888461,0.030241,1.76848,0.1690926831,299040768
alexnet_permute_conv2d_3_0654312,1,1,1,15,15,256,3,3,256,384,1,13,13,384,0,5,6,4,3,2,1,1,15,15,128,3,3,128,1,1,13,13,1,768.0,981471744.0,0.0138,118652.0,9.814717,0.030469,2.207899,0.1354430946,299040768
alexnet_permute_conv2d_3_0654321,1,1,1,15,15,256,3,3,256,384,1,13,13,384,0,6,5,4,3,2,1,1,15,15,128,3,3,128,1,1,13,13,1,768.0,988846080.0,0.0172,147559.0,9.888461,0.030241,1.758198,0.1700815292,299040768
alexnet_permute_conv2d_4_0123456,1,1,1,15,15,384,3,3,384,384,1,13,13,384,0,1,2,3,4,5,6,1,15,15,128,3,3,128,1,1,13,13,1,1152.0,1261596672.0,0.0127,107856.0,12.615967,0.035555,2.799606,0.1602227809,448561152
alexnet_permute_conv2d_4_0123465,1,1,1,15,15,384,3,3,384,384,1,13,13,384,0,1,2,3,4,6,5,1,15,15,128,3,3,128,1,1,13,13,1,1152.0,1037121408.0,0.0114,103220.0,10.371214,0.043251,3.793947,0.1182318396,448561152
alexnet_permute_conv2d_4_0123546,1,1,1,15,15,384,3,3,384,384,1,13,13,384,0,1,2,3,5,4,6,1,15,15,128,3,3,128,1,1,13,13,1,1152.0,1261596672.0,0.0127,108115.0,12.615967,0.035555,2.799606,0.1602227809,448561152
alexnet_permute_conv2d_4_0123564,1,1,1,15,15,384,3,3,384,384,1,13,13,384,0,1,2,3,6,4,5,1,15,15,128,3,3,128,1,1,13,13,1,1152.0,1037121408.0,0.0113,102998.0,10.371214,0.043251,3.827522,0.1171947182,448561152
alexnet_permute_conv2d_4_0123645,1,1,1,15,15,384,3,3,384,384,1,13,13,384,0,1,2,3,5,6,4,1,15,15,128,3,3,128,1,1,13,13,1,1152.0,1037121408.0,0.0115,98674.0,10.371214,0.043251,3.760957,0.119268961,448561152
alexnet_permute_conv2d_4_0123654,1,1,1,15,15,384,3,3,384,384,1,13,13,384,0,1,2,3,6,5,4,1,15,15,128,3,3,128,1,1,13,13,1,1152.0,1037121408.0,0.0109,99717.0,10.371214,0.043251,3.967982,0.1130462326,448561152
alexnet_permute_conv2d_4_0132456,1,1,1,15,15,384,3,3,384,384,1,13,13,384,0,1,3,2,4,5,6,1,15,15,128,3,3,128,1,1,13,13,1,1152.0,1261598976.0,0.0122,108705.0,12.61599,0.035555,2.914344,0.153915078,448561152
alexnet_permute_conv2d_4_0132465,1,1,1,15,15,384,3,3,384,384,1,13,13,384,0,1,3,2,4,6,5,1,15,15,128,3,3,128,1,1,13,13,1,1152.0,1037123712.0,0.0114,103475.0,10.371237,0.04325,3.79386,0.1182321018,448561152
alexnet_permute_conv2d_4_0132546,1,1,1,15,15,384,3,3,384,384,1,13,13,384,0,1,3,2,5,4,6,1,15,15,128,3,3,128,1,1,13,13,1,1152.0,1261598976.0,0.0128,108837.0,12.61599,0.035555,2.777734,0.161484672,448561152
alexnet_permute_conv2d_4_0132564,1,1,1,15,15,384,3,3,384,384,1,13,13,384,0,1,3,2,6,4,5,1,15,15,128,3,3,128,1,1,13,13,1,1152.0,1037123712.0,0.0113,103626.0,10.371237,0.04325,3.827434,0.1171949781,448561152
alexnet_permute_conv2d_4_0132645,1,1,1,15,15,384,3,3,384,384,1,13,13,384,0,1,3,2,5,6,4,1,15,15,128,3,3,128,1,1,13,13,1,1152.0,1037121408.0,0.0116,99230.0,10.371214,0.043251,3.728534,0.1203060824,448561152
alexnet_permute_conv2d_4_0132654,1,1,1,15,15,384,3,3,384,384,1,13,13,384,0,1,3,2,6,5,4,1,15,15,128,3,3,128,1,1,13,13,1,1152.0,1037121408.0,0.0116,99410.0,10.371214,0.043251,3.728534,0.1203060824,448561152
alexnet_permute_conv2d_4_0213456,1,1,1,15,15,384,3,3,384,384,1,13,13,384,0,2,1,3,4,5,6,1,15,15,128,3,3,128,1,1,13,13,1,1152.0,1261793664.0,0.0122,108672.0,12.617937,0.035549,2.913852,0.1539388314,448561152
alexnet_permute_conv2d_4_0213465,1,1,1,15,15,384,3,3,384,384,1,13,13,384,0,2,1,3,4,6,5,1,15,15,128,3,3,128,1,1,13,13,1,1152.0,1037318400.0,0.0114,103748.0,10.373184,0.043242,3.793158,0.1182542976,448561152
alexnet_permute_conv2d_4_0213546,1,1,1,15,15,384,3,3,384,384,1,13,13,384,0,2,1,3,5,4,6,1,15,15,128,3,3,128,1,1,13,13,1,1152.0,1261793664.0,0.0128,109175.0,12.617937,0.035549,2.777266,0.1615095936,448561152
alexnet_permute_conv2d_4_0213564,1,1,1,15,15,384,3,3,384,384,1,13,13,384,0,2,1,3,6,4,5,1,15,15,128,3,3,128,1,1,13,13,1,1152.0,1037123712.0,0.0119,103035.0,10.371237,0.04325,3.634454,0.1234177203,448561152
alexnet_permute_conv2d_4_0213645,1,1,1,15,15,384,3,3,384,384,1,13,13,384,0,2,1,3,5,6,4,1,15,15,128,3,3,128,1,1,13,13,1,1152.0,1037123712.0,0.0107,98758.0,10.371237,0.04325,4.042056,0.1109722359,448561152
alexnet_permute_conv2d_4_0213654,1,1,1,15,15,384,3,3,384,384,1,13,13,384,0,2,1,3,6,5,4,1,15,15,128,3,3,128,1,1,13,13,1,1152.0,1037123712.0,0.0115,99070.0,10.371237,0.04325,3.76087,0.1192692255,448561152
alexnet_permute_conv2d_4_0231456,1,1,1,15,15,384,3,3,384,384,1,13,13,384,0,3,1,2,4,5,6,1,15,15,128,3,3,128,1,1,13,13,1,1152.0,1261793664.0,0.0127,108666.0,12.617937,0.035549,2.799134,0.1602477999,448561152
alexnet_permute_conv2d_4_0231465,1,1,1,15,15,384,3,3,384,384,1,13,13,384,0,3,1,2,4,6,5,1,15,15,128,3,3,128,1,1,13,13,1,1152.0,1037318400.0,0.0114,103965.0,10.373184,0.043242,3.793158,0.1182542976,448561152
alexnet_permute_conv2d_4_0231546,1,1,1,15,15,384,3,3,384,384,1,13,13,384,0,3,1,2,5,4,6,1,15,15,128,3,3,128,1,1,13,13,1,1152.0,1261793664.0,0.0126,108526.0,12.617937,0.035549,2.821349,0.1589860062,448561152
alexnet_permute_conv2d_4_0231564,1,1,1,15,15,384,3,3,384,384,1,13,13,384,0,3,1,2,6,4,5,1,15,15,128,3,3,128,1,1,13,13,1,1152.0,1037123712.0,0.0114,104567.0,10.371237,0.04325,3.79386,0.1182321018,448561152
alexnet_permute_conv2d_4_0231645,1,1,1,15,15,384,3,3,384,384,1,13,13,384,0,3,1,2,5,6,4,1,15,15,128,3,3,128,1,1,13,13,1,1152.0,1037123712.0,0.0108,99896.0,10.371237,0.04325,4.00463,0.1120093596,448561152
alexnet_permute_conv2d_4_0231654,1,1,1,15,15,384,3,3,384,384,1,13,13,384,0,3,1,2,6,5,4,1,15,15,128,3,3,128,1,1,13,13,1,1152.0,1037123712.0,0.0109,99585.0,10.371237,0.04325,3.96789,0.1130464833,448561152
alexnet_permute_conv2d_4_0312456,1,1,1,15,15,384,3,3,384,384,1,13,13,384,0,2,3,1,4,5,6,1,15,15,128,3,3,128,1,1,13,13,1,1152.0,1261598976.0,0.0127,108355.0,12.61599,0.035555,2.799606,0.160223073,448561152
alexnet_permute_conv2d_4_0312465,1,1,1,15,15,384,3,3,384,384,1,13,13,384,0,2,3,1,4,6,5,1,15,15,128,3,3,128,1,1,13,13,1,1152.0,1037123712.0,0.0113,103511.0,10.371237,0.04325,3.827434,0.1171949781,448561152
alexnet_permute_conv2d_4_0312546,1,1,1,15,15,384,3,3,384,384,1,13,13,384,0,2,3,1,5,4,6,1,15,15,128,3,3,128,1,1,13,13,1,1152.0,1261598976.0,0.0126,108359.0,12.61599,0.035555,2.821825,0.158961474,448561152
alexnet_permute_conv2d_4_0312564,1,1,1,15,15,384,3,3,384,384,1,13,13,384,0,2,3,1,6,4,5,1,15,15,128,3,3,128,1,1,13,13,1,1152.0,1037123712.0,0.0113,103616.0,10.371237,0.04325,3.827434,0.1171949781,448561152
alexnet_permute_conv2d_4_0312645,1,1,1,15,15,384,3,3,384,384,1,13,13,384,0,2,3,1,5,6,4,1,15,15,128,3,3,128,1,1,13,13,1,1152.0,1037121408.0,0.0107,99280.0,10.371214,0.043251,4.04215,0.1109719898,448561152
alexnet_permute_conv2d_4_0312654,1,1,1,15,15,384,3,3,384,384,1,13,13,384,0,2,3,1,6,5,4,1,15,15,128,3,3,128,1,1,13,13,1,1152.0,1037121408.0,0.0108,99531.0,10.371214,0.043251,4.004722,0.1120091112,448561152
alexnet_permute_conv2d_4_0321456,1,1,1,15,15,384,3,3,384,384,1,13,13,384,0,3,2,1,4,5,6,1,15,15,128,3,3,128,1,1,13,13,1,1152.0,1261793664.0,0.0121,108224.0,12.617937,0.035549,2.937934,0.1526770377,448561152
alexnet_permute_conv2d_4_0321465,1,1,1,15,15,384,3,3,384,384,1,13,13,384,0,3,2,1,4,6,5,1,15,15,128,3,3,128,1,1,13,13,1,1152.0,1037318400.0,0.0114,104009.0,10.373184,0.043242,3.793158,0.1182542976,448561152
alexnet_permute_conv2d_4_0321546,1,1,1,15,15,384,3,3,384,384,1,13,13,384,0,3,2,1,5,4,6,1,15,15,128,3,3,128,1,1,13,13,1,1152.0,1261793664.0,0.0128,109106.0,12.617937,0.035549,2.777266,0.1615095936,448561152
alexnet_permute_conv2d_4_0321564,1,1,1,15,15,384,3,3,384,384,1,13,13,384,0,3,2,1,6,4,5,1,15,15,128,3,3,128,1,1,13,13,1,1152.0,1037123712.0,0.0115,104449.0,10.371237,0.04325,3.76087,0.1192692255,448561152
alexnet_permute_conv2d_4_0321645,1,1,1,15,15,384,3,3,384,384,1,13,13,384,0,3,2,1,5,6,4,1,15,15,128,3,3,128,1,1,13,13,1,1152.0,1037123712.0,0.0108,98765.0,10.371237,0.04325,4.00463,0.1120093596,448561152
alexnet_permute_conv2d_4_0321654,1,1,1,15,15,384,3,3,384,384,1,13,13,384,0,3,2,1,6,5,4,1,15,15,128,3,3,128,1,1,13,13,1,1152.0,1037123712.0,0.0109,99601.0,10.371237,0.04325,3.96789,0.1130464833,448561152
alexnet_permute_conv2d_4_0456123,1,1,1,15,15,384,3,3,384,384,1,13,13,384,0,4,5,6,1,2,3,1,15,15,128,3,3,128,1,1,13,13,1,1152.0,1471631616.0,0.0136,117658.0,14.716316,0.030481,2.24125,0.2001418976,448561152
alexnet_permute_conv2d_4_0456132,1,1,1,15,15,384,3,3,384,384,1,13,13,384,0,4,6,5,1,2,3,1,15,15,128,3,3,128,1,1,13,13,1,1152.0,1471631616.0,0.0135,117515.0,14.716316,0.030481,2.257852,0.198670266,448561152
alexnet_permute_conv2d_4_0456213,1,1,1,15,15,384,3,3,384,384,1,13,13,384,0,5,4,6,1,2,3,1,15,15,128,3,3,128,1,1,13,13,1,1152.0,1506129408.0,0.0118,103021.0,15.061294,0.029782,2.523898,0.1777232692,448561152
alexnet_permute_conv2d_4_0456231,1,1,1,15,15,384,3,3,384,384,1,13,13,384,0,6,4,5,1,2,3,1,15,15,128,3,3,128,1,1,13,13,1,1152.0,1506129408.0,0.0118,103021.0,15.061294,0.029782,2.523898,0.1777232692,448561152
alexnet_permute_conv2d_4_0456312,1,1,1,15,15,384,3,3,384,384,1,13,13,384,0,5,6,4,1,2,3,1,15,15,128,3,3,128,1,1,13,13,1,1152.0,1471631616.0,0.0138,117864.0,14.716316,0.030481,2.208768,0.2030851608,448561152
alexnet_permute_conv2d_4_0456321,1,1,1,15,15,384,3,3,384,384,1,13,13,384,0,6,5,4,1,2,3,1,15,15,128,3,3,128,1,1,13,13,1,1152.0,1506129408.0,0.0118,102986.0,15.061294,0.029782,2.523898,0.1777232692,448561152
alexnet_permute_conv2d_4_0465123,1,1,1,15,15,384,3,3,384,384,1,13,13,384,0,4,5,6,1,3,2,1,15,15,128,3,3,128,1,1,13,13,1,1152.0,1472063616.0,0.0134,118041.0,14.720636,0.030472,2.27403,0.1972565224,448561152
alexnet_permute_conv2d_4_0465132,1,1,1,15,15,384,3,3,384,384,1,13,13,384,0,4,6,5,1,3,2,1,15,15,128,3,3,128,1,1,13,13,1,1152.0,1472063616.0,0.0136,117715.0,14.720636,0.030472,2.240588,0.2002006496,448561152
alexnet_permute_conv2d_4_0465213,1,1,1,15,15,384,3,3,384,384,1,13,13,384,0,5,4,6,1,3,2,1,15,15,128,3,3,128,1,1,13,13,1,1152.0,1506125952.0,0.0116,100127.0,15.06126,0.029782,2.567414,0.174710616,448561152
alexnet_permute_conv2d_4_0465231,1,1,1,15,15,384,3,3,384,384,1,13,13,384,0,6,4,5,1,3,2,1,15,15,128,3,3,128,1,1,13,13,1,1152.0,1506125952.0,0.0118,100152.0,15.06126,0.029782,2.523898,0.177722868,448561152
alexnet_permute_conv2d_4_0465312,1,1,1,15,15,384,3,3,384,384,1,13,13,384,0,5,6,4,1,3,2,1,15,15,128,3,3,128,1,1,13,13,1,1152.0,1472063616.0,0.0136,117441.0,14.720636,0.030472,2.240588,0.2002006496,448561152
alexnet_permute_conv2d_4_0465321,1,1,1,15,15,384,3,3,384,384,1,13,13,384,0,6,5,4,1,3,2,1,15,15,128,3,3,128,1,1,13,13,1,1152.0,1506125952.0,0.0117,100105.0,15.06126,0.029782,2.54547,0.176216742,448561152
alexnet_permute_conv2d_4_0546123,1,1,1,15,15,384,3,3,384,384,1,13,13,384,0,4,5,6,2,1,3,1,15,15,128,3,3,128,1,1,13,13,1,1152.0,1471631616.0,0.0134,117239.0,14.716316,0.030481,2.274701,0.1971986344,448561152
alexnet_permute_conv2d_4_0546132,1,1,1,15,15,384,3,3,384,384,1,13,13,384,0,4,6,5,2,1,3,1,15,15,128,3,3,128,1,1,13,13,1,1152.0,1471631616.0,0.0136,118019.0,14.716316,0.030481,2.24125,0.2001418976,448561152
alexnet_permute_conv2d_4_0546213,1,1,1,15,15,384,3,3,384,384,1,13,13,384,0,5,4,6,2,1,3,1,15,15,128,3,3,128,1,1,13,13,1,1152.0,1483128576.0,0.0174,148878.0,14.831286,0.030244,1.738161,0.2580643764,448561152
alexnet_permute_conv2d_4_0546231,1,1,1,15,15,384,3,3,384,384,1,13,13,384,0,6,4,5,2,1,3,1,15,15,128,3,3,128,1,1,13,13,1,1152.0,1483128576.0,0.0176,149665.0,14.831286,0.030244,1.718409,0.2610306336,448561152
alexnet_permute_conv2d_4_0546312,1,1,1,15,15,384,3,3,384,384,1,13,13,384,0,5,6,4,2,1,3,1,15,15,128,3,3,128,1,1,13,13,1,1152.0,1471631616.0,0.0136,117207.0,14.716316,0.030481,2.24125,0.2001418976,448561152
alexnet_permute_conv2d_4_0546321,1,1,1,15,15,384,3,3,384,384,1,13,13,384,0,6,5,4,2,1,3,1,15,15,128,3,3,128,1,1,13,13,1,1152.0,1483128576.0,0.0174,149834.0,14.831286,0.030244,1.738161,0.2580643764,448561152
alexnet_permute_conv2d_4_0564123,1,1,1,15,15,384,3,3,384,384,1,13,13,384,0,4,5,6,3,1,2,1,15,15,128,3,3,128,1,1,13,13,1,1152.0,1472063616.0,0.0137,117680.0,14.720636,0.030472,2.224234,0.2016727132,448561152
alexnet_permute_conv2d_4_0564132,1,1,1,15,15,384,3,3,384,384,1,13,13,384,0,4,6,5,3,1,2,1,15,15,128,3,3,128,1,1,13,13,1,1152.0,1472063616.0,0.0137,117770.0,14.720636,0.030472,2.224234,0.2016727132,448561152
alexnet_permute_conv2d_4_0564213,1,1,1,15,15,384,3,3,384,384,1,13,13,384,0,5,4,6,3,1,2,1,15,15,128,3,3,128,1,1,13,13,1,1152.0,1483125120.0,0.017,146634.0,14.831251,0.030244,1.779059,0.252131267,448561152
alexnet_permute_conv2d_4_0564231,1,1,1,15,15,384,3,3,384,384,1,13,13,384,0,6,4,5,3,1,2,1,15,15,128,3,3,128,1,1,13,13,1,1152.0,1483125120.0,0.017,146345.0,14.831251,0.030244,1.779059,0.252131267,448561152
alexnet_permute_conv2d_4_0564312,1,1,1,15,15,384,3,3,384,384,1,13,13,384,0,5,6,4,3,1,2,1,15,15,128,3,3,128,1,1,13,13,1,1152.0,1472063616.0,0.0137,117849.0,14.720636,0.030472,2.224234,0.2016727132,448561152
alexnet_permute_conv2d_4_0564321,1,1,1,15,15,384,3,3,384,384,1,13,13,384,0,6,5,4,3,1,2,1,15,15,128,3,3,128,1,1,13,13,1,1152.0,1483125120.0,0.0171,146244.0,14.831251,0.030244,1.768655,0.2536143921,448561152
alexnet_permute_conv2d_4_0645123,1,1,1,15,15,384,3,3,384,384,1,13,13,384,0,4,5,6,2,3,1,1,15,15,128,3,3,128,1,1,13,13,1,1152.0,1472207616.0,0.0138,117654.0,14.722076,0.030469,2.207899,0.2031646488,448561152
alexnet_permute_conv2d_4_0645132,1,1,1,15,15,384,3,3,384,384,1,13,13,384,0,4,6,5,2,3,1,1,15,15,128,3,3,128,1,1,13,13,1,1152.0,1472207616.0,0.0135,116901.0,14.722076,0.030469,2.256963,0.198748026,448561152
alexnet_permute_conv2d_4_0645213,1,1,1,15,15,384,3,3,384,384,1,13,13,384,0,5,4,6,2,3,1,1,15,15,128,3,3,128,1,1,13,13,1,1152.0,1506269952.0,0.0114,99805.0,15.0627,0.02978,2.612281,0.17171478,448561152
alexnet_permute_conv2d_4_0645231,1,1,1,15,15,384,3,3,384,384,1,13,13,384,0,6,4,5,2,3,1,1,15,15,128,3,3,128,1,1,13,13,1,1152.0,1506269952.0,0.0115,99897.0,15.0627,0.02978,2.589565,0.17322105,448561152
alexnet_permute_conv2d_4_0645312,1,1,1,15,15,384,3,3,384,384,1,13,13,384,0,5,6,4,2,3,1,1,15,15,128,3,3,128,1,1,13,13,1,1152.0,1472207616.0,0.0137,116566.0,14.722076,0.030469,2.224015,0.2016924412,448561152
alexnet_permute_conv2d_4_0645321,1,1,1,15,15,384,3,3,384,384,1,13,13,384,0,6,5,4,2,3,1,1,15,15,128,3,3,128,1,1,13,13,1,1152.0,1506269952.0,0.0114,99805.0,15.0627,0.02978,2.612281,0.17171478,448561152
alexnet_permute_conv2d_4_0654123,1,1,1,15,15,384,3,3,384,384,1,13,13,384,0,4,5,6,3,2,1,1,15,15,128,3,3,128,1,1,13,13,1,1152.0,1472207616.0,0.0137,117538.0,14.722076,0.030469,2.224015,0.2016924412,448561152
alexnet_permute_conv2d_4_0654132,1,1,1,15,15,384,3,3,384,384,1,13,13,384,0,4,6,5,3,2,1,1,15,15,128,3,3,128,1,1,13,13,1,1152.0,1472207616.0,0.0137,118173.0,14.722076,0.030469,2.224015,0.2016924412,448561152
alexnet_permute_conv2d_4_0654213,1,1,1,15,15,384,3,3,384,384,1,13,13,384,0,5,4,6,3,2,1,1,15,15,128,3,3,128,1,1,13,13,1,1152.0,1483269120.0,0.0169,146376.0,14.832691,0.030241,1.789408,0.2506724779,448561152
alexnet_permute_conv2d_4_0654231,1,1,1,15,15,384,3,3,384,384,1,13,13,384,0,6,4,5,3,2,1,1,15,15,128,3,3,128,1,1,13,13,1,1152.0,1483269120.0,0.017,146768.0,14.832691,0.030241,1.778882,0.252155747,448561152
alexnet_permute_conv2d_4_0654312,1,1,1,15,15,384,3,3,384,384,1,13,13,384,0,5,6,4,3,2,1,1,15,15,128,3,3,128,1,1,13,13,1,1152.0,1472207616.0,0.0137,117931.0,14.722076,0.030469,2.224015,0.2016924412,448561152
alexnet_permute_conv2d_4_0654321,1,1,1,15,15,384,3,3,384,384,1,13,13,384,0,6,5,4,3,2,1,1,15,15,128,3,3,128,1,1,13,13,1,1152.0,1483269120.0,0.0171,146053.0,14.832691,0.030241,1.76848,0.2536390161,448561152
alexnet_permute_conv2d_5_0123456,1,1,1,15,15,384,3,3,384,256,1,13,13,256,0,1,2,3,4,5,6,1,15,15,128,3,3,128,1,1,13,13,1,768.0,841064448.0,0.0127,108746.0,8.410644,0.035555,2.799606,0.1068151788,299040768
alexnet_permute_conv2d_5_0123465,1,1,1,15,15,384,3,3,384,256,1,13,13,256,0,1,2,3,4,6,5,1,15,15,128,3,3,128,1,1,13,13,1,768.0,691414272.0,0.0119,103213.0,6.914143,0.043251,3.634538,0.0822783017,299040768
alexnet_permute_conv2d_5_0123546,1,1,1,15,15,384,3,3,384,256,1,13,13,256,0,1,2,3,5,4,6,1,15,15,128,3,3,128,1,1,13,13,1,768.0,841064448.0,0.0122,108384.0,8.410644,0.035555,2.914344,0.1026098568,299040768
alexnet_permute_conv2d_5_0123564,1,1,1,15,15,384,3,3,384,256,1,13,13,256,0,1,2,3,6,4,5,1,15,15,128,3,3,128,1,1,13,13,1,768.0,691414272.0,0.0114,103430.0,6.914143,0.043251,3.793947,0.0788212302,299040768
alexnet_permute_conv2d_5_0123645,1,1,1,15,15,384,3,3,384,256,1,13,13,256,0,1,2,3,5,6,4,1,15,15,128,3,3,128,1,1,13,13,1,768.0,691414272.0,0.0116,99491.0,6.914143,0.043251,3.728534,0.0802040588,299040768
alexnet_permute_conv2d_5_0123654,1,1,1,15,15,384,3,3,384,256,1,13,13,256,0,1,2,3,6,5,4,1,15,15,128,3,3,128,1,1,13,13,1,768.0,691414272.0,0.0109,99838.0,6.914143,0.043251,3.967982,0.0753641587,299040768
alexnet_permute_conv2d_5_0132456,1,1,1,15,15,384,3,3,384,256,1,13,13,256,0,1,3,2,4,5,6,1,15,15,128,3,3,128,1,1,13,13,1,768.0,841065984.0,0.0122,108625.0,8.41066,0.035555,2.914344,0.102610052,299040768
alexnet_permute_conv2d_5_0132465,1,1,1,15,15,384,3,3,384,256,1,13,13,256,0,1,3,2,4,6,5,1,15,15,128,3,3,128,1,1,13,13,1,768.0,691415808.0,0.0114,103631.0,6.914158,0.04325,3.79386,0.0788214012,299040768
alexnet_permute_conv2d_5_0132546,1,1,1,15,15,384,3,3,384,256,1,13,13,256,0,1,3,2,5,4,6,1,15,15,128,3,3,128,1,1,13,13,1,768.0,841065984.0,0.0128,109074.0,8.41066,0.035555,2.777734,0.107656448,299040768
alexnet_permute_conv2d_5_0132564,1,1,1,15,15,384,3,3,384,256,1,13,13,256,0,1,3,2,6,4,5,1,15,15,128,3,3,128,1,1,13,13,1,768.0,691415808.0,0.0114,103823.0,6.914158,0.04325,3.79386,0.0788214012,299040768
alexnet_permute_conv2d_5_0132645,1,1,1,15,15,384,3,3,384,256,1,13,13,256,0,1,3,2,5,6,4,1,15,15,128,3,3,128,1,1,13,13,1,768.0,691414272.0,0.0107,98120.0,6.914143,0.043251,4.04215,0.0739813301,299040768
alexnet_permute_conv2d_5_0132654,1,1,1,15,15,384,3,3,384,256,1,13,13,256,0,1,3,2,6,5,4,1,15,15,128,3,3,128,1,1,13,13,1,768.0,691414272.0,0.0109,99705.0,6.914143,0.043251,3.967982,0.0753641587,299040768
alexnet_permute_conv2d_5_0213456,1,1,1,15,15,384,3,3,384,256,1,13,13,256,0,2,1,3,4,5,6,1,15,15,128,3,3,128,1,1,13,13,1,768.0,841195776.0,0.0128,109320.0,8.411958,0.035549,2.777266,0.1076730624,299040768
alexnet_permute_conv2d_5_0213465,1,1,1,15,15,384,3,3,384,256,1,13,13,256,0,2,1,3,4,6,5,1,15,15,128,3,3,128,1,1,13,13,1,768.0,691545600.0,0.0119,103584.0,6.915456,0.043242,3.633782,0.0822939264,299040768
alexnet_permute_conv2d_5_0213546,1,1,1,15,15,384,3,3,384,256,1,13,13,256,0,2,1,3,5,4,6,1,15,15,128,3,3,128,1,1,13,13,1,768.0,841195776.0,0.0122,109013.0,8.411958,0.035549,2.913852,0.1026258876,299040768
alexnet_permute_conv2d_5_0213564,1,1,1,15,15,384,3,3,384,256,1,13,13,256,0,2,1,3,6,4,5,1,15,15,128,3,3,128,1,1,13,13,1,768.0,691415808.0,0.0113,103614.0,6.914158,0.04325,3.827434,0.0781299854,299040768
alexnet_permute_conv2d_5_0213645,1,1,1,15,15,384,3,3,384,256,1,13,13,256,0,2,1,3,5,6,4,1,15,15,128,3,3,128,1,1,13,13,1,768.0,691415808.0,0.0108,98765.0,6.914158,0.04325,4.00463,0.0746729064,299040768
alexnet_permute_conv2d_5_0213654,1,1,1,15,15,384,3,3,384,256,1,13,13,256,0,2,1,3,6,5,4,1,15,15,128,3,3,128,1,1,13,13,1,768.0,691415808.0,0.0108,99053.0,6.914158,0.04325,4.00463,0.0746729064,299040768
alexnet_permute_conv2d_5_0231456,1,1,1,15,15,384,3,3,384,256,1,13,13,256,0,3,1,2,4,5,6,1,15,15,128,3,3,128,1,1,13,13,1,768.0,841195776.0,0.0121,108427.0,8.411958,0.035549,2.937934,0.1017846918,299040768
alexnet_permute_conv2d_5_0231465,1,1,1,15,15,384,3,3,384,256,1,13,13,256,0,3,1,2,4,6,5,1,15,15,128,3,3,128,1,1,13,13,1,768.0,691545600.0,0.0119,104345.0,6.915456,0.043242,3.633782,0.0822939264,299040768
alexnet_permute_conv2d_5_0231546,1,1,1,15,15,384,3,3,384,256,1,13,13,256,0,3,1,2,5,4,6,1,15,15,128,3,3,128,1,1,13,13,1,768.0,841195776.0,0.0127,108710.0,8.411958,0.035549,2.799134,0.1068318666,299040768
alexnet_permute_conv2d_5_0231564,1,1,1,15,15,384,3,3,384,256,1,13,13,256,0,3,1,2,6,4,5,1,15,15,128,3,3,128,1,1,13,13,1,768.0,691415808.0,0.0114,104567.0,6.914158,0.04325,3.79386,0.0788214012,299040768
alexnet_permute_conv2d_5_0231645,1,1,1,15,15,384,3,3,384,256,1,13,13,256,0,3,1,2,5,6,4,1,15,15,128,3,3,128,1,1,13,13,1,768.0,691415808.0,0.0107,99659.0,6.914158,0.04325,4.042056,0.0739814906,299040768
alexnet_permute_conv2d_5_0231654,1,1,1,15,15,384,3,3,384,256,1,13,13,256,0,3,1,2,6,5,4,1,15,15,128,3,3,128,1,1,13,13,1,768.0,691415808.0,0.0115,98938.0,6.914158,0.04325,3.76087,0.079512817,299040768
alexnet_permute_conv2d_5_0312456,1,1,1,15,15,384,3,3,384,256,1,13,13,256,0,2,3,1,4,5,6,1,15,15,128,3,3,128,1,1,13,13,1,768.0,841065984.0,0.0123,109016.0,8.41066,0.035555,2.89065,0.103451118,299040768
alexnet_permute_conv2d_5_0312465,1,1,1,15,15,384,3,3,384,256,1,13,13,256,0,2,3,1,4,6,5,1,15,15,128,3,3,128,1,1,13,13,1,768.0,691415808.0,0.0113,104133.0,6.914158,0.04325,3.827434,0.0781299854,299040768
alexnet_permute_conv2d_5_0312546,1,1,1,15,15,384,3,3,384,256,1,13,13,256,0,2,3,1,5,4,6,1,15,15,128,3,3,128,1,1,13,13,1,768.0,841065984.0,0.0128,109104.0,8.41066,0.035555,2.777734,0.107656448,299040768
alexnet_permute_conv2d_5_0312564,1,1,1,15,15,384,3,3,384,256,1,13,13,256,0,2,3,1,6,4,5,1,15,15,128,3,3,128,1,1,13,13,1,768.0,691415808.0,0.0113,103790.0,6.914158,0.04325,3.827434,0.0781299854,299040768
alexnet_permute_conv2d_5_0312645,1,1,1,15,15,384,3,3,384,256,1,13,13,256,0,2,3,1,5,6,4,1,15,15,128,3,3,128,1,1,13,13,1,768.0,691414272.0,0.0115,98183.0,6.914143,0.043251,3.760957,0.0795126445,299040768
alexnet_permute_conv2d_5_0312654,1,1,1,15,15,384,3,3,384,256,1,13,13,256,0,2,3,1,6,5,4,1,15,15,128,3,3,128,1,1,13,13,1,768.0,691414272.0,0.0109,99725.0,6.914143,0.043251,3.967982,0.0753641587,299040768
alexnet_permute_conv2d_5_0321456,1,1,1,15,15,384,3,3,384,256,1,13,13,256,0,3,2,1,4,5,6,1,15,15,128,3,3,128,1,1,13,13,1,768.0,841195776.0,0.0126,108627.0,8.411958,0.035549,2.821349,0.1059906708,299040768
alexnet_permute_conv2d_5_0321465,1,1,1,15,15,384,3,3,384,256,1,13,13,256,0,3,2,1,4,6,5,1,15,15,128,3,3,128,1,1,13,13,1,768.0,691545600.0,0.0121,103949.0,6.915456,0.043242,3.573719,0.0836770176,299040768
alexnet_permute_conv2d_5_0321546,1,1,1,15,15,384,3,3,384,256,1,13,13,256,0,3,2,1,5,4,6,1,15,15,128,3,3,128,1,1,13,13,1,768.0,841195776.0,0.0128,108914.0,8.411958,0.035549,2.777266,0.1076730624,299040768
alexnet_permute_conv2d_5_0321564,1,1,1,15,15,384,3,3,384,256,1,13,13,256,0,3,2,1,6,4,5,1,15,15,128,3,3,128,1,1,13,13,1,768.0,691415808.0,0.0114,103793.0,6.914158,0.04325,3.79386,0.0788214012,299040768
alexnet_permute_conv2d_5_0321645,1,1,1,15,15,384,3,3,384,256,1,13,13,256,0,3,2,1,5,6,4,1,15,15,128,3,3,128,1,1,13,13,1,768.0,691415808.0,0.0108,98957.0,6.914158,0.04325,4.00463,0.0746729064,299040768
alexnet_permute_conv2d_5_0321654,1,1,1,15,15,384,3,3,384,256,1,13,13,256,0,3,2,1,6,5,4,1,15,15,128,3,3,128,1,1,13,13,1,768.0,691415808.0,0.0109,100069.0,6.914158,0.04325,3.96789,0.0753643222,299040768
alexnet_permute_conv2d_5_0456123,1,1,1,15,15,384,3,3,384,256,1,13,13,256,0,4,5,6,1,2,3,1,15,15,128,3,3,128,1,1,13,13,1,768.0,981087744.0,0.0138,118508.0,9.810877,0.030481,2.208768,0.1353901026,299040768
alexnet_permute_conv2d_5_0456132,1,1,1,15,15,384,3,3,384,256,1,13,13,256,0,4,6,5,1,2,3,1,15,15,128,3,3,128,1,1,13,13,1,768.0,981087744.0,0.0137,117991.0,9.810877,0.030481,2.224891,0.1344090149,299040768
alexnet_permute_conv2d_5_0456213,1,1,1,15,15,384,3,3,384,256,1,13,13,256,0,5,4,6,1,2,3,1,15,15,128,3,3,128,1,1,13,13,1,768.0,1004086272.0,0.0118,103021.0,10.040863,0.029782,2.523898,0.1184821834,299040768
alexnet_permute_conv2d_5_0456231,1,1,1,15,15,384,3,3,384,256,1,13,13,256,0,6,4,5,1,2,3,1,15,15,128,3,3,128,1,1,13,13,1,768.0,1004086272.0,0.0118,103021.0,10.040863,0.029782,2.523898,0.1184821834,299040768
alexnet_permute_conv2d_5_0456312,1,1,1,15,15,384,3,3,384,256,1,13,13,256,0,5,6,4,1,2,3,1,15,15,128,3,3,128,1,1,13,13,1,768.0,981087744.0,0.0134,117678.0,9.810877,0.030481,2.274701,0.1314657518,299040768
alexnet_permute_conv2d_5_0456321,1,1,1,15,15,384,3,3,384,256,1,13,13,256,0,6,5,4,1,2,3,1,15,15,128,3,3,128,1,1,13,13,1,768.0,1004086272.0,0.012,103088.0,10.040863,0.029782,2.481833,0.120490356,299040768
alexnet_permute_conv2d_5_0465123,1,1,1,15,15,384,3,3,384,256,1,13,13,256,0,4,5,6,1,3,2,1,15,15,128,3,3,128,1,1,13,13,1,768.0,981375744.0,0.0137,118232.0,9.813757,0.030472,2.224234,0.1344484709,299040768
alexnet_permute_conv2d_5_0465132,1,1,1,15,15,384,3,3,384,256,1,13,13,256,0,4,6,5,1,3,2,1,15,15,128,3,3,128,1,1,13,13,1,768.0,981375744.0,0.0135,117247.0,9.813757,0.030472,2.257185,0.1324857195,299040768
alexnet_permute_conv2d_5_0465213,1,1,1,15,15,384,3,3,384,256,1,13,13,256,0,5,4,6,1,3,2,1,15,15,128,3,3,128,1,1,13,13,1,768.0,1004083968.0,0.0118,100152.0,10.04084,0.029782,2.523898,0.118481912,299040768
alexnet_permute_conv2d_5_0465231,1,1,1,15,15,384,3,3,384,256,1,13,13,256,0,6,4,5,1,3,2,1,15,15,128,3,3,128,1,1,13,13,1,768.0,1004083968.0,0.0116,100027.0,10.04084,0.029782,2.567414,0.116473744,299040768
alexnet_permute_conv2d_5_0465312,1,1,1,15,15,384,3,3,384,256,1,13,13,256,0,5,6,4,1,3,2,1,15,15,128,3,3,128,1,1,13,13,1,768.0,981375744.0,0.0135,117585.0,9.813757,0.030472,2.257185,0.1324857195,299040768
alexnet_permute_conv2d_5_0465321,1,1,1,15,15,384,3,3,384,256,1,13,13,256,0,6,5,4,1,3,2,1,15,15,128,3,3,128,1,1,13,13,1,768.0,1004083968.0,0.0118,100152.0,10.04084,0.029782,2.523898,0.118481912,299040768
alexnet_permute_conv2d_5_0546123,1,1,1,15,15,384,3,3,384,256,1,13,13,256,0,4,5,6,2,1,3,1,15,15,128,3,3,128,1,1,13,13,1,768.0,981087744.0,0.0136,118349.0,9.810877,0.030481,2.24125,0.1334279272,299040768
alexnet_permute_conv2d_5_0546132,1,1,1,15,15,384,3,3,384,256,1,13,13,256,0,4,6,5,2,1,3,1,15,15,128,3,3,128,1,1,13,13,1,768.0,981087744.0,0.0136,117962.0,9.810877,0.030481,2.24125,0.1334279272,299040768
alexnet_permute_conv2d_5_0546213,1,1,1,15,15,384,3,3,384,256,1,13,13,256,0,5,4,6,2,1,3,1,15,15,128,3,3,128,1,1,13,13,1,768.0,988752384.0,0.0175,149450.0,9.887524,0.030244,1.728229,0.17303167,299040768
alexnet_permute_conv2d_5_0546231,1,1,1,15,15,384,3,3,384,256,1,13,13,256,0,6,4,5,2,1,3,1,15,15,128,3,3,128,1,1,13,13,1,768.0,988752384.0,0.0177,149451.0,9.887524,0.030244,1.708701,0.1750091748,299040768
alexnet_permute_conv2d_5_0546312,1,1,1,15,15,384,3,3,384,256,1,13,13,256,0,5,6,4,2,1,3,1,15,15,128,3,3,128,1,1,13,13,1,768.0,981087744.0,0.0138,118894.0,9.810877,0.030481,2.208768,0.1353901026,299040768
alexnet_permute_conv2d_5_0546321,1,1,1,15,15,384,3,3,384,256,1,13,13,256,0,6,5,4,2,1,3,1,15,15,128,3,3,128,1,1,13,13,1,768.0,988752384.0,0.0175,149387.0,9.887524,0.030244,1.728229,0.17303167,299040768
alexnet_permute_conv2d_5_0564123,1,1,1,15,15,384,3,3,384,256,1,13,13,256,0,4,5,6,3,1,2,1,15,15,128,3,3,128,1,1,13,13,1,768.0,981375744.0,0.0134,116844.0,9.813757,0.030472,2.27403,0.1315043438,299040768
alexnet_permute_conv2d_5_0564132,1,1,1,15,15,384,3,3,384,256,1,13,13,256,0,4,6,5,3,1,2,1,15,15,128,3,3,128,1,1,13,13,1,768.0,981375744.0,0.0134,116968.0,9.813757,0.030472,2.27403,0.1315043438,299040768
alexnet_permute_conv2d_5_0564213,1,1,1,15,15,384,3,3,384,256,1,13,13,256,0,5,4,6,3,1,2,1,15,15,128,3,3,128,1,1,13,13,1,768.0,988750080.0,0.0171,146554.0,9.887501,0.030244,1.768655,0.1690762671,299040768
alexnet_permute_conv2d_5_0564231,1,1,1,15,15,384,3,3,384,256,1,13,13,256,0,6,4,5,3,1,2,1,15,15,128,3,3,128,1,1,13,13,1,768.0,988750080.0,0.017,146628.0,9.887501,0.030244,1.779059,0.168087517,299040768
alexnet_permute_conv2d_5_0564312,1,1,1,15,15,384,3,3,384,256,1,13,13,256,0,5,6,4,3,1,2,1,15,15,128,3,3,128,1,1,13,13,1,768.0,981375744.0,0.0137,117938.0,9.813757,0.030472,2.224234,0.1344484709,299040768
alexnet_permute_conv2d_5_0564321,1,1,1,15,15,384,3,3,384,256,1,13,13,256,0,6,5,4,3,1,2,1,15,15,128,3,3,128,1,1,13,13,1,768.0,988750080.0,0.017,146374.0,9.887501,0.030244,1.779059,0.168087517,299040768
alexnet_permute_conv2d_5_0645123,1,1,1,15,15,384,3,3,384,256,1,13,13,256,0,4,5,6,2,3,1,1,15,15,128,3,3,128,1,1,13,13,1,768.0,981471744.0,0.0134,116326.0,9.814717,0.030469,2.273806,0.1315172078,299040768
alexnet_permute_conv2d_5_0645132,1,1,1,15,15,384,3,3,384,256,1,13,13,256,0,4,6,5,2,3,1,1,15,15,128,3,3,128,1,1,13,13,1,768.0,981471744.0,0.0135,117299.0,9.814717,0.030469,2.256963,0.1324986795,299040768
alexnet_permute_conv2d_5_0645213,1,1,1,15,15,384,3,3,384,256,1,13,13,256,0,5,4,6,2,3,1,1,15,15,128,3,3,128,1,1,13,13,1,768.0,1004179968.0,0.0114,99829.0,10.0418,0.02978,2.612281,0.11447652,299040768
alexnet_permute_conv2d_5_0645231,1,1,1,15,15,384,3,3,384,256,1,13,13,256,0,6,4,5,2,3,1,1,15,15,128,3,3,128,1,1,13,13,1,768.0,1004179968.0,0.0115,100260.0,10.0418,0.02978,2.589565,0.1154807,299040768
alexnet_permute_conv2d_5_0645312,1,1,1,15,15,384,3,3,384,256,1,13,13,256,0,5,6,4,2,3,1,1,15,15,128,3,3,128,1,1,13,13,1,768.0,981471744.0,0.0136,116958.0,9.814717,0.030469,2.240368,0.1334801512,299040768
alexnet_permute_conv2d_5_0645321,1,1,1,15,15,384,3,3,384,256,1,13,13,256,0,6,5,4,2,3,1,1,15,15,128,3,3,128,1,1,13,13,1,768.0,1004179968.0,0.0114,99805.0,10.0418,0.02978,2.612281,0.11447652,299040768
alexnet_permute_conv2d_5_0654123,1,1,1,15,15,384,3,3,384,256,1,13,13,256,0,4,5,6,3,2,1,1,15,15,128,3,3,128,1,1,13,13,1,768.0,981471744.0,0.0137,117717.0,9.814717,0.030469,2.224015,0.1344616229,299040768
alexnet_permute_conv2d_5_0654132,1,1,1,15,15,384,3,3,384,256,1,13,13,256,0,4,6,5,3,2,1,1,15,15,128,3,3,128,1,1,13,13,1,768.0,981471744.0,0.0138,117841.0,9.814717,0.030469,2.207899,0.1354430946,299040768
alexnet_permute_conv2d_5_0654213,1,1,1,15,15,384,3,3,384,256,1,13,13,256,0,5,4,6,3,2,1,1,15,15,128,3,3,128,1,1,13,13,1,768.0,988846080.0,0.0172,146814.0,9.888461,0.030241,1.758198,0.1700815292,299040768
alexnet_permute_conv2d_5_0654231,1,1,1,15,15,384,3,3,384,256,1,13,13,256,0,6,4,5,3,2,1,1,15,15,128,3,3,128,1,1,13,13,1,768.0,988846080.0,0.017,145784.0,9.888461,0.030241,1.778882,0.168103837,299040768
alexnet_permute_conv2d_5_0654312,1,1,1,15,15,384,3,3,384,256,1,13,13,256,0,5,6,4,3,2,1,1,15,15,128,3,3,128,1,1,13,13,1,768.0,981471744.0,0.0139,118663.0,9.814717,0.030469,2.192014,0.1364245663,299040768
alexnet_permute_conv2d_5_0654321,1,1,1,15,15,384,3,3,384,256,1,13,13,256,0,6,5,4,3,2,1,1,15,15,128,3,3,128,1,1,13,13,1,768.0,988846080.0,0.0171,147235.0,9.888461,0.030241,1.76848,0.1690926831,299040768
