configuration,strides,dilation,input_batch,input_width,input_height,input_channel,kernel_width,kernel_height,kernel_input_channel,kernel_multiplier,output_batch,output_width,output_height,output_channel,output_multiplier,permuation_order_1,permuation_order_2,permuation_order_3,permuation_order_4,permuation_order_5,permuation_order_6,actual_input_batch,actual_input_width,actual_input_height,actual_input_channel,actual_kernel_width,actual_kernel_height,actual_kernel_input_channels,actual_output_batch,actual_output_width,actual_output_height,actual_output_channel,number_of_tiles,simulation_cycles,total_power,area,runtime_in_s,gflops,gflops_per_watt,energy_consumed,flop_count
mobilenetv3_small_permute_depthwise_conv2d_multiplier_1_012345,2,1,1,113,113,16,3,3,16,1,1,56,56,16,1,0,1,2,3,4,5,1,113,113,1,3,3,1,1,56,56,1,16.0,2679904.0,0.0076,62864.0,0.026799,0.033702,4.434474,0.0002036724,903168
mobilenetv3_small_permute_depthwise_conv2d_multiplier_1_012354,2,1,1,113,113,16,3,3,16,1,1,56,56,16,1,0,1,2,3,5,4,1,113,113,1,3,3,1,1,56,56,1,16.0,2679904.0,0.00749,61432.0,0.026799,0.033702,4.499599,0.00020072451,903168
mobilenetv3_small_permute_depthwise_conv2d_multiplier_1_013245,2,1,1,113,113,16,3,3,16,1,1,56,56,16,1,0,1,3,2,4,5,1,113,113,1,3,3,1,1,56,56,1,16.0,2679904.0,0.00756,61880.0,0.026799,0.033702,4.457937,0.00020260044,903168
mobilenetv3_small_permute_depthwise_conv2d_multiplier_1_013254,2,1,1,113,113,16,3,3,16,1,1,56,56,16,1,0,1,3,2,5,4,1,113,113,1,3,3,1,1,56,56,1,16.0,2679904.0,0.00749,61432.0,0.026799,0.033702,4.499599,0.00020072451,903168
mobilenetv3_small_permute_depthwise_conv2d_multiplier_1_021345,2,1,1,113,113,16,3,3,16,1,1,56,56,16,1,0,2,1,3,4,5,1,113,113,1,3,3,1,1,56,56,1,16.0,2679904.0,0.00736,61358.0,0.026799,0.033702,4.579076,0.00019724064,903168
mobilenetv3_small_permute_depthwise_conv2d_multiplier_1_021354,2,1,1,113,113,16,3,3,16,1,1,56,56,16,1,0,2,1,3,5,4,1,113,113,1,3,3,1,1,56,56,1,16.0,2679904.0,0.00748,61960.0,0.026799,0.033702,4.505615,0.00020045652,903168
mobilenetv3_small_permute_depthwise_conv2d_multiplier_1_023145,2,1,1,113,113,16,3,3,16,1,1,56,56,16,1,0,3,1,2,4,5,1,113,113,1,3,3,1,1,56,56,1,16.0,2679904.0,0.00749,61842.0,0.026799,0.033702,4.499599,0.00020072451,903168
mobilenetv3_small_permute_depthwise_conv2d_multiplier_1_023154,2,1,1,113,113,16,3,3,16,1,1,56,56,16,1,0,3,1,2,5,4,1,113,113,1,3,3,1,1,56,56,1,16.0,2679904.0,0.00749,62018.0,0.026799,0.033702,4.499599,0.00020072451,903168
mobilenetv3_small_permute_depthwise_conv2d_multiplier_1_031245,2,1,1,113,113,16,3,3,16,1,1,56,56,16,1,0,2,3,1,4,5,1,113,113,1,3,3,1,1,56,56,1,16.0,2679904.0,0.00752,61881.0,0.026799,0.033702,4.481649,0.00020152848,903168
mobilenetv3_small_permute_depthwise_conv2d_multiplier_1_031254,2,1,1,113,113,16,3,3,16,1,1,56,56,16,1,0,2,3,1,5,4,1,113,113,1,3,3,1,1,56,56,1,16.0,2679904.0,0.00749,61432.0,0.026799,0.033702,4.499599,0.00020072451,903168
mobilenetv3_small_permute_depthwise_conv2d_multiplier_1_032145,2,1,1,113,113,16,3,3,16,1,1,56,56,16,1,0,3,2,1,4,5,1,113,113,1,3,3,1,1,56,56,1,16.0,2679904.0,0.00744,61291.0,0.026799,0.033702,4.529839,0.00019938456,903168
mobilenetv3_small_permute_depthwise_conv2d_multiplier_1_032154,2,1,1,113,113,16,3,3,16,1,1,56,56,16,1,0,3,2,1,5,4,1,113,113,1,3,3,1,1,56,56,1,16.0,2679904.0,0.00749,62018.0,0.026799,0.033702,4.499599,0.00020072451,903168
mobilenetv3_small_permute_depthwise_conv2d_multiplier_1_034512,2,1,1,113,113,16,3,3,16,1,1,56,56,16,1,0,4,5,1,2,3,1,113,113,1,3,3,1,1,56,56,1,16.0,3953600.0,0.00707,59034.0,0.039536,0.022844,3.231117,0.00027951952,903168
mobilenetv3_small_permute_depthwise_conv2d_multiplier_1_034521,2,1,1,113,113,16,3,3,16,1,1,56,56,16,1,0,5,4,1,2,3,1,113,113,1,3,3,1,1,56,56,1,16.0,3953600.0,0.00692,57731.0,0.039536,0.022844,3.301156,0.00027358912,903168
mobilenetv3_small_permute_depthwise_conv2d_multiplier_1_035412,2,1,1,113,113,16,3,3,16,1,1,56,56,16,1,0,4,5,1,3,2,1,113,113,1,3,3,1,1,56,56,1,16.0,3941824.0,0.00706,58135.0,0.039418,0.022913,3.245467,0.00027829108,903168
mobilenetv3_small_permute_depthwise_conv2d_multiplier_1_035421,2,1,1,113,113,16,3,3,16,1,1,56,56,16,1,0,5,4,1,3,2,1,113,113,1,3,3,1,1,56,56,1,16.0,3941824.0,0.00696,58023.0,0.039418,0.022913,3.292098,0.00027434928,903168
mobilenetv3_small_permute_depthwise_conv2d_multiplier_1_043512,2,1,1,113,113,16,3,3,16,1,1,56,56,16,1,0,4,5,2,1,3,1,113,113,1,3,3,1,1,56,56,1,16.0,3953600.0,0.00711,58891.0,0.039536,0.022844,3.21294,0.00028110096,903168
mobilenetv3_small_permute_depthwise_conv2d_multiplier_1_043521,2,1,1,113,113,16,3,3,16,1,1,56,56,16,1,0,5,4,2,1,3,1,113,113,1,3,3,1,1,56,56,1,16.0,3953600.0,0.00681,57468.0,0.039536,0.022844,3.354479,0.00026924016,903168
mobilenetv3_small_permute_depthwise_conv2d_multiplier_1_045312,2,1,1,113,113,16,3,3,16,1,1,56,56,16,1,0,4,5,3,1,2,1,113,113,1,3,3,1,1,56,56,1,16.0,3953600.0,0.00707,59034.0,0.039536,0.022844,3.231117,0.00027951952,903168
mobilenetv3_small_permute_depthwise_conv2d_multiplier_1_045321,2,1,1,113,113,16,3,3,16,1,1,56,56,16,1,0,5,4,3,1,2,1,113,113,1,3,3,1,1,56,56,1,16.0,3953600.0,0.00692,57731.0,0.039536,0.022844,3.301156,0.00027358912,903168
mobilenetv3_small_permute_depthwise_conv2d_multiplier_1_053412,2,1,1,113,113,16,3,3,16,1,1,56,56,16,1,0,4,5,2,3,1,1,113,113,1,3,3,1,1,56,56,1,16.0,3941824.0,0.00693,58201.0,0.039418,0.022913,3.306349,0.00027316674,903168
mobilenetv3_small_permute_depthwise_conv2d_multiplier_1_053421,2,1,1,113,113,16,3,3,16,1,1,56,56,16,1,0,5,4,2,3,1,1,113,113,1,3,3,1,1,56,56,1,16.0,3941824.0,0.00684,57813.0,0.039418,0.022913,3.349854,0.00026961912,903168
mobilenetv3_small_permute_depthwise_conv2d_multiplier_1_054312,2,1,1,113,113,16,3,3,16,1,1,56,56,16,1,0,4,5,3,2,1,1,113,113,1,3,3,1,1,56,56,1,16.0,3941824.0,0.00706,58135.0,0.039418,0.022913,3.245467,0.00027829108,903168
mobilenetv3_small_permute_depthwise_conv2d_multiplier_1_054321,2,1,1,113,113,16,3,3,16,1,1,56,56,16,1,0,5,4,3,2,1,1,113,113,1,3,3,1,1,56,56,1,16.0,3941824.0,0.00696,58023.0,0.039418,0.022913,3.292098,0.00027434928,903168
mobilenetv3_small_permute_depthwise_conv2d_multiplier_2_012345,2,1,1,57,57,72,3,3,72,1,1,28,28,72,1,0,1,2,3,4,5,1,57,57,8,3,3,8,1,28,28,8,9.0,2948913.0,0.0118,96654.0,0.029489,0.034456,2.92,0.0003479702,1016064
mobilenetv3_small_permute_depthwise_conv2d_multiplier_2_012354,2,1,1,57,57,72,3,3,72,1,1,28,28,72,1,0,1,2,3,5,4,1,57,57,8,3,3,8,1,28,28,8,9.0,2948913.0,0.012,97616.0,0.029489,0.034456,2.871333,0.000353868,1016064
mobilenetv3_small_permute_depthwise_conv2d_multiplier_2_013245,2,1,1,57,57,72,3,3,72,1,1,28,28,72,1,0,1,3,2,4,5,1,57,57,8,3,3,8,1,28,28,8,9.0,2399553.0,0.0127,102401.0,0.023996,0.042343,3.334094,0.0003047492,1016064
mobilenetv3_small_permute_depthwise_conv2d_multiplier_2_013254,2,1,1,57,57,72,3,3,72,1,1,28,28,72,1,0,1,3,2,5,4,1,57,57,8,3,3,8,1,28,28,8,9.0,2399553.0,0.0124,101463.0,0.023996,0.042343,3.414758,0.0002975504,1016064
mobilenetv3_small_permute_depthwise_conv2d_multiplier_2_021345,2,1,1,57,57,72,3,3,72,1,1,28,28,72,1,0,2,1,3,4,5,1,57,57,8,3,3,8,1,28,28,8,9.0,2948913.0,0.0119,96844.0,0.029489,0.034456,2.895462,0.0003509191,1016064
mobilenetv3_small_permute_depthwise_conv2d_multiplier_2_021354,2,1,1,57,57,72,3,3,72,1,1,28,28,72,1,0,2,1,3,5,4,1,57,57,8,3,3,8,1,28,28,8,9.0,2948913.0,0.0118,97491.0,0.029489,0.034456,2.92,0.0003479702,1016064
mobilenetv3_small_permute_depthwise_conv2d_multiplier_2_023145,2,1,1,57,57,72,3,3,72,1,1,28,28,72,1,0,3,1,2,4,5,1,57,57,8,3,3,8,1,28,28,8,9.0,2399553.0,0.0127,102420.0,0.023996,0.042343,3.334094,0.0003047492,1016064
mobilenetv3_small_permute_depthwise_conv2d_multiplier_2_023154,2,1,1,57,57,72,3,3,72,1,1,28,28,72,1,0,3,1,2,5,4,1,57,57,8,3,3,8,1,28,28,8,9.0,2399553.0,0.0125,101919.0,0.023996,0.042343,3.38744,0.00029995,1016064
mobilenetv3_small_permute_depthwise_conv2d_multiplier_2_031245,2,1,1,57,57,72,3,3,72,1,1,28,28,72,1,0,2,3,1,4,5,1,57,57,8,3,3,8,1,28,28,8,9.0,2379933.0,0.0124,102210.0,0.023799,0.042694,3.443065,0.0002951076,1016064
mobilenetv3_small_permute_depthwise_conv2d_multiplier_2_031254,2,1,1,57,57,72,3,3,72,1,1,28,28,72,1,0,2,3,1,5,4,1,57,57,8,3,3,8,1,28,28,8,9.0,2379933.0,0.0124,102049.0,0.023799,0.042694,3.443065,0.0002951076,1016064
mobilenetv3_small_permute_depthwise_conv2d_multiplier_2_032145,2,1,1,57,57,72,3,3,72,1,1,28,28,72,1,0,3,2,1,4,5,1,57,57,8,3,3,8,1,28,28,8,9.0,2379933.0,0.0124,102213.0,0.023799,0.042694,3.443065,0.0002951076,1016064
mobilenetv3_small_permute_depthwise_conv2d_multiplier_2_032154,2,1,1,57,57,72,3,3,72,1,1,28,28,72,1,0,3,2,1,5,4,1,57,57,8,3,3,8,1,28,28,8,9.0,2379933.0,0.0123,101655.0,0.023799,0.042694,3.471057,0.0002927277,1016064
mobilenetv3_small_permute_depthwise_conv2d_multiplier_2_034512,2,1,1,57,57,72,3,3,72,1,1,28,28,72,1,0,4,5,1,2,3,1,57,57,8,3,3,8,1,28,28,8,9.0,3808503.0,0.0112,94508.0,0.038085,0.026679,2.382054,0.000426552,1016064
mobilenetv3_small_permute_depthwise_conv2d_multiplier_2_034521,2,1,1,57,57,72,3,3,72,1,1,28,28,72,1,0,5,4,1,2,3,1,57,57,8,3,3,8,1,28,28,8,9.0,3808503.0,0.0114,94750.0,0.038085,0.026679,2.340263,0.000434169,1016064
mobilenetv3_small_permute_depthwise_conv2d_multiplier_2_035412,2,1,1,57,57,72,3,3,72,1,1,28,28,72,1,0,4,5,1,3,2,1,57,57,8,3,3,8,1,28,28,8,9.0,3808485.0,0.0113,94320.0,0.038085,0.026679,2.360973,0.0004303605,1016064
mobilenetv3_small_permute_depthwise_conv2d_multiplier_2_035421,2,1,1,57,57,72,3,3,72,1,1,28,28,72,1,0,5,4,1,3,2,1,57,57,8,3,3,8,1,28,28,8,9.0,3808485.0,0.0114,94841.0,0.038085,0.026679,2.340263,0.000434169,1016064
mobilenetv3_small_permute_depthwise_conv2d_multiplier_2_043512,2,1,1,57,57,72,3,3,72,1,1,28,28,72,1,0,4,5,2,1,3,1,57,57,8,3,3,8,1,28,28,8,9.0,3808458.0,0.0113,95804.0,0.038085,0.026679,2.360973,0.0004303605,1016064
mobilenetv3_small_permute_depthwise_conv2d_multiplier_2_043521,2,1,1,57,57,72,3,3,72,1,1,28,28,72,1,0,5,4,2,1,3,1,57,57,8,3,3,8,1,28,28,8,9.0,3808458.0,0.0115,95041.0,0.038085,0.026679,2.319913,0.0004379775,1016064
mobilenetv3_small_permute_depthwise_conv2d_multiplier_2_045312,2,1,1,57,57,72,3,3,72,1,1,28,28,72,1,0,4,5,3,1,2,1,57,57,8,3,3,8,1,28,28,8,9.0,3808485.0,0.0115,97330.0,0.038085,0.026679,2.319913,0.0004379775,1016064
mobilenetv3_small_permute_depthwise_conv2d_multiplier_2_045321,2,1,1,57,57,72,3,3,72,1,1,28,28,72,1,0,5,4,3,1,2,1,57,57,8,3,3,8,1,28,28,8,9.0,3808485.0,0.0115,97270.0,0.038085,0.026679,2.319913,0.0004379775,1016064
mobilenetv3_small_permute_depthwise_conv2d_multiplier_2_053412,2,1,1,57,57,72,3,3,72,1,1,28,28,72,1,0,4,5,2,3,1,1,57,57,8,3,3,8,1,28,28,8,9.0,3808440.0,0.0113,94857.0,0.038084,0.02668,2.361062,0.0004303492,1016064
mobilenetv3_small_permute_depthwise_conv2d_multiplier_2_053421,2,1,1,57,57,72,3,3,72,1,1,28,28,72,1,0,5,4,2,3,1,1,57,57,8,3,3,8,1,28,28,8,9.0,3808440.0,0.0112,94712.0,0.038084,0.02668,2.382143,0.0004265408,1016064
mobilenetv3_small_permute_depthwise_conv2d_multiplier_2_054312,2,1,1,57,57,72,3,3,72,1,1,28,28,72,1,0,4,5,3,2,1,1,57,57,8,3,3,8,1,28,28,8,9.0,3808467.0,0.0116,96807.0,0.038085,0.026679,2.299914,0.000441786,1016064
mobilenetv3_small_permute_depthwise_conv2d_multiplier_2_054321,2,1,1,57,57,72,3,3,72,1,1,28,28,72,1,0,5,4,3,2,1,1,57,57,8,3,3,8,1,28,28,8,9.0,3808467.0,0.0117,96859.0,0.038085,0.026679,2.280256,0.0004455945,1016064
mobilenetv3_small_permute_depthwise_conv2d_multiplier_3_012345,1,1,1,30,30,88,3,3,88,1,1,28,28,88,1,0,1,2,3,4,5,1,30,30,22,3,3,22,1,28,28,22,4.0,3140504.0,0.0187,160073.0,0.031405,0.039543,2.114599,0.0005872735,1241856
mobilenetv3_small_permute_depthwise_conv2d_multiplier_3_012354,1,1,1,30,30,88,3,3,88,1,1,28,28,88,1,0,1,2,3,5,4,1,30,30,22,3,3,22,1,28,28,22,4.0,3140504.0,0.0185,158721.0,0.031405,0.039543,2.137459,0.0005809925,1241856
mobilenetv3_small_permute_depthwise_conv2d_multiplier_3_013245,1,1,1,30,30,88,3,3,88,1,1,28,28,88,1,0,1,3,2,4,5,1,30,30,22,3,3,22,1,28,28,22,4.0,2474552.0,0.0189,165163.0,0.024746,0.050184,2.655238,0.0004676994,1241856
mobilenetv3_small_permute_depthwise_conv2d_multiplier_3_013254,1,1,1,30,30,88,3,3,88,1,1,28,28,88,1,0,1,3,2,5,4,1,30,30,22,3,3,22,1,28,28,22,4.0,2474552.0,0.0188,164655.0,0.024746,0.050184,2.669362,0.0004652248,1241856
mobilenetv3_small_permute_depthwise_conv2d_multiplier_3_021345,1,1,1,30,30,88,3,3,88,1,1,28,28,88,1,0,2,1,3,4,5,1,30,30,22,3,3,22,1,28,28,22,4.0,3140504.0,0.0183,158745.0,0.031405,0.039543,2.16082,0.0005747115,1241856
mobilenetv3_small_permute_depthwise_conv2d_multiplier_3_021354,1,1,1,30,30,88,3,3,88,1,1,28,28,88,1,0,2,1,3,5,4,1,30,30,22,3,3,22,1,28,28,22,4.0,3140504.0,0.0183,158705.0,0.031405,0.039543,2.16082,0.0005747115,1241856
mobilenetv3_small_permute_depthwise_conv2d_multiplier_3_023145,1,1,1,30,30,88,3,3,88,1,1,28,28,88,1,0,3,1,2,4,5,1,30,30,22,3,3,22,1,28,28,22,4.0,2474552.0,0.0187,163940.0,0.024746,0.050184,2.683636,0.0004627502,1241856
mobilenetv3_small_permute_depthwise_conv2d_multiplier_3_023154,1,1,1,30,30,88,3,3,88,1,1,28,28,88,1,0,3,1,2,5,4,1,30,30,22,3,3,22,1,28,28,22,4.0,2474552.0,0.0193,164877.0,0.024746,0.050184,2.600207,0.0004775978,1241856
mobilenetv3_small_permute_depthwise_conv2d_multiplier_3_031245,1,1,1,30,30,88,3,3,88,1,1,28,28,88,1,0,2,3,1,4,5,1,30,30,22,3,3,22,1,28,28,22,4.0,2450768.0,0.0186,164029.0,0.024508,0.050671,2.724247,0.0004558488,1241856
mobilenetv3_small_permute_depthwise_conv2d_multiplier_3_031254,1,1,1,30,30,88,3,3,88,1,1,28,28,88,1,0,2,3,1,5,4,1,30,30,22,3,3,22,1,28,28,22,4.0,2450768.0,0.0191,164729.0,0.024508,0.050671,2.652932,0.0004681028,1241856
mobilenetv3_small_permute_depthwise_conv2d_multiplier_3_032145,1,1,1,30,30,88,3,3,88,1,1,28,28,88,1,0,3,2,1,4,5,1,30,30,22,3,3,22,1,28,28,22,4.0,2450768.0,0.0188,162389.0,0.024508,0.050671,2.695266,0.0004607504,1241856
mobilenetv3_small_permute_depthwise_conv2d_multiplier_3_032154,1,1,1,30,30,88,3,3,88,1,1,28,28,88,1,0,3,2,1,5,4,1,30,30,22,3,3,22,1,28,28,22,4.0,2450768.0,0.019,163110.0,0.024508,0.050671,2.666895,0.000465652,1241856
mobilenetv3_small_permute_depthwise_conv2d_multiplier_3_034512,1,1,1,30,30,88,3,3,88,1,1,28,28,88,1,0,4,5,1,2,3,1,30,30,22,3,3,22,1,28,28,22,4.0,4196776.0,0.0185,157853.0,0.041968,0.029591,1.599514,0.000776408,1241856
mobilenetv3_small_permute_depthwise_conv2d_multiplier_3_034521,1,1,1,30,30,88,3,3,88,1,1,28,28,88,1,0,5,4,1,2,3,1,30,30,22,3,3,22,1,28,28,22,4.0,4196776.0,0.0177,156838.0,0.041968,0.029591,1.671808,0.0007428336,1241856
mobilenetv3_small_permute_depthwise_conv2d_multiplier_3_035412,1,1,1,30,30,88,3,3,88,1,1,28,28,88,1,0,4,5,1,3,2,1,30,30,22,3,3,22,1,28,28,22,4.0,4196776.0,0.0187,158471.0,0.041968,0.029591,1.582406,0.0007848016,1241856
mobilenetv3_small_permute_depthwise_conv2d_multiplier_3_035421,1,1,1,30,30,88,3,3,88,1,1,28,28,88,1,0,5,4,1,3,2,1,30,30,22,3,3,22,1,28,28,22,4.0,4196776.0,0.0183,158232.0,0.041968,0.029591,1.616995,0.0007680144,1241856
mobilenetv3_small_permute_depthwise_conv2d_multiplier_3_043512,1,1,1,30,30,88,3,3,88,1,1,28,28,88,1,0,4,5,2,1,3,1,30,30,22,3,3,22,1,28,28,22,4.0,4196700.0,0.0183,157683.0,0.041967,0.029591,1.616995,0.0007679961,1241856
mobilenetv3_small_permute_depthwise_conv2d_multiplier_3_043521,1,1,1,30,30,88,3,3,88,1,1,28,28,88,1,0,5,4,2,1,3,1,30,30,22,3,3,22,1,28,28,22,4.0,4196700.0,0.0179,157489.0,0.041967,0.029591,1.653128,0.0007512093,1241856
mobilenetv3_small_permute_depthwise_conv2d_multiplier_3_045312,1,1,1,30,30,88,3,3,88,1,1,28,28,88,1,0,4,5,3,1,2,1,30,30,22,3,3,22,1,28,28,22,4.0,4196712.0,0.0187,159522.0,0.041967,0.029591,1.582406,0.0007847829,1241856
mobilenetv3_small_permute_depthwise_conv2d_multiplier_3_045321,1,1,1,30,30,88,3,3,88,1,1,28,28,88,1,0,5,4,3,1,2,1,30,30,22,3,3,22,1,28,28,22,4.0,4196712.0,0.0182,160034.0,0.041967,0.029591,1.625879,0.0007637994,1241856
mobilenetv3_small_permute_depthwise_conv2d_multiplier_3_053412,1,1,1,30,30,88,3,3,88,1,1,28,28,88,1,0,4,5,2,3,1,1,30,30,22,3,3,22,1,28,28,22,4.0,4196700.0,0.0182,157586.0,0.041967,0.029591,1.625879,0.0007637994,1241856
mobilenetv3_small_permute_depthwise_conv2d_multiplier_3_053421,1,1,1,30,30,88,3,3,88,1,1,28,28,88,1,0,5,4,2,3,1,1,30,30,22,3,3,22,1,28,28,22,4.0,4196700.0,0.0185,157911.0,0.041967,0.029591,1.599514,0.0007763895,1241856
mobilenetv3_small_permute_depthwise_conv2d_multiplier_3_054312,1,1,1,30,30,88,3,3,88,1,1,28,28,88,1,0,4,5,3,2,1,1,30,30,22,3,3,22,1,28,28,22,4.0,4196712.0,0.0186,160151.0,0.041967,0.029591,1.590914,0.0007805862,1241856
mobilenetv3_small_permute_depthwise_conv2d_multiplier_3_054321,1,1,1,30,30,88,3,3,88,1,1,28,28,88,1,0,5,4,3,2,1,1,30,30,22,3,3,22,1,28,28,22,4.0,4196712.0,0.0187,161189.0,0.041967,0.029591,1.582406,0.0007847829,1241856
mobilenetv3_small_permute_depthwise_conv2d_multiplier_4_012345,2,1,1,31,31,96,5,5,96,1,1,14,14,96,1,0,1,2,3,4,5,1,31,31,32,5,5,32,1,14,14,32,3.0,2472366.0,0.0121,103736.0,0.024724,0.038052,3.144793,0.0002991604,940800
mobilenetv3_small_permute_depthwise_conv2d_multiplier_4_012354,2,1,1,31,31,96,5,5,96,1,1,14,14,96,1,0,1,2,3,5,4,1,31,31,32,5,5,32,1,14,14,32,3.0,2472366.0,0.0123,104941.0,0.024724,0.038052,3.093659,0.0003041052,940800
mobilenetv3_small_permute_depthwise_conv2d_multiplier_4_013245,2,1,1,31,31,96,5,5,96,1,1,14,14,96,1,0,1,3,2,4,5,1,31,31,32,5,5,32,1,14,14,32,3.0,2018850.0,0.0125,108776.0,0.020189,0.0466,3.728,0.0002523625,940800
mobilenetv3_small_permute_depthwise_conv2d_multiplier_4_013254,2,1,1,31,31,96,5,5,96,1,1,14,14,96,1,0,1,3,2,5,4,1,31,31,32,5,5,32,1,14,14,32,3.0,2018850.0,0.0127,109613.0,0.020189,0.0466,3.669291,0.0002564003,940800
mobilenetv3_small_permute_depthwise_conv2d_multiplier_4_021345,2,1,1,31,31,96,5,5,96,1,1,14,14,96,1,0,2,1,3,4,5,1,31,31,32,5,5,32,1,14,14,32,3.0,2472366.0,0.0124,104216.0,0.024724,0.038052,3.06871,0.0003065776,940800
mobilenetv3_small_permute_depthwise_conv2d_multiplier_4_021354,2,1,1,31,31,96,5,5,96,1,1,14,14,96,1,0,2,1,3,5,4,1,31,31,32,5,5,32,1,14,14,32,3.0,2472366.0,0.0123,104909.0,0.024724,0.038052,3.093659,0.0003041052,940800
mobilenetv3_small_permute_depthwise_conv2d_multiplier_4_023145,2,1,1,31,31,96,5,5,96,1,1,14,14,96,1,0,3,1,2,4,5,1,31,31,32,5,5,32,1,14,14,32,3.0,2018850.0,0.0125,107772.0,0.020189,0.0466,3.728,0.0002523625,940800
mobilenetv3_small_permute_depthwise_conv2d_multiplier_4_023154,2,1,1,31,31,96,5,5,96,1,1,14,14,96,1,0,3,1,2,5,4,1,31,31,32,5,5,32,1,14,14,32,3.0,2018850.0,0.0124,108411.0,0.020189,0.0466,3.758065,0.0002503436,940800
mobilenetv3_small_permute_depthwise_conv2d_multiplier_4_031245,2,1,1,31,31,96,5,5,96,1,1,14,14,96,1,0,2,3,1,4,5,1,31,31,32,5,5,32,1,14,14,32,3.0,1986456.0,0.0124,107020.0,0.019865,0.04736,3.819355,0.000246326,940800
mobilenetv3_small_permute_depthwise_conv2d_multiplier_4_031254,2,1,1,31,31,96,5,5,96,1,1,14,14,96,1,0,2,3,1,5,4,1,31,31,32,5,5,32,1,14,14,32,3.0,1986456.0,0.0125,108270.0,0.019865,0.04736,3.7888,0.0002483125,940800
mobilenetv3_small_permute_depthwise_conv2d_multiplier_4_032145,2,1,1,31,31,96,5,5,96,1,1,14,14,96,1,0,3,2,1,4,5,1,31,31,32,5,5,32,1,14,14,32,3.0,1986456.0,0.0123,106590.0,0.019865,0.04736,3.850407,0.0002443395,940800
mobilenetv3_small_permute_depthwise_conv2d_multiplier_4_032154,2,1,1,31,31,96,5,5,96,1,1,14,14,96,1,0,3,2,1,5,4,1,31,31,32,5,5,32,1,14,14,32,3.0,1986456.0,0.0124,107999.0,0.019865,0.04736,3.819355,0.000246326,940800
mobilenetv3_small_permute_depthwise_conv2d_multiplier_4_034512,2,1,1,31,31,96,5,5,96,1,1,14,14,96,1,0,4,5,1,2,3,1,31,31,32,5,5,32,1,14,14,32,3.0,2927058.0,0.00638,55724.0,0.029271,0.032141,5.037774,0.00018674898,940800
mobilenetv3_small_permute_depthwise_conv2d_multiplier_4_034521,2,1,1,31,31,96,5,5,96,1,1,14,14,96,1,0,5,4,1,2,3,1,31,31,32,5,5,32,1,14,14,32,3.0,2927058.0,0.0064,55463.0,0.029271,0.032141,5.022031,0.0001873344,940800
mobilenetv3_small_permute_depthwise_conv2d_multiplier_4_035412,2,1,1,31,31,96,5,5,96,1,1,14,14,96,1,0,4,5,1,3,2,1,31,31,32,5,5,32,1,14,14,32,3.0,2927058.0,0.00638,55764.0,0.029271,0.032141,5.037774,0.00018674898,940800
mobilenetv3_small_permute_depthwise_conv2d_multiplier_4_035421,2,1,1,31,31,96,5,5,96,1,1,14,14,96,1,0,5,4,1,3,2,1,31,31,32,5,5,32,1,14,14,32,3.0,2927058.0,0.00643,56219.0,0.029271,0.032141,4.9986,0.00018821253,940800
mobilenetv3_small_permute_depthwise_conv2d_multiplier_4_043512,2,1,1,31,31,96,5,5,96,1,1,14,14,96,1,0,4,5,2,1,3,1,31,31,32,5,5,32,1,14,14,32,3.0,2926977.0,0.00641,55834.0,0.02927,0.032142,5.014353,0.0001876207,940800
mobilenetv3_small_permute_depthwise_conv2d_multiplier_4_043521,2,1,1,31,31,96,5,5,96,1,1,14,14,96,1,0,5,4,2,1,3,1,31,31,32,5,5,32,1,14,14,32,3.0,2926977.0,0.00642,56177.0,0.02927,0.032142,5.006542,0.0001879134,940800
mobilenetv3_small_permute_depthwise_conv2d_multiplier_4_045312,2,1,1,31,31,96,5,5,96,1,1,14,14,96,1,0,4,5,3,1,2,1,31,31,32,5,5,32,1,14,14,32,3.0,2926572.0,0.00635,55946.0,0.029266,0.032147,5.06252,0.0001858391,940800
mobilenetv3_small_permute_depthwise_conv2d_multiplier_4_045321,2,1,1,31,31,96,5,5,96,1,1,14,14,96,1,0,5,4,3,1,2,1,31,31,32,5,5,32,1,14,14,32,3.0,2926572.0,0.00639,55973.0,0.029266,0.032147,5.030829,0.00018700974,940800
mobilenetv3_small_permute_depthwise_conv2d_multiplier_4_053412,2,1,1,31,31,96,5,5,96,1,1,14,14,96,1,0,4,5,2,3,1,1,31,31,32,5,5,32,1,14,14,32,3.0,2926977.0,0.0064,56075.0,0.02927,0.032142,5.022187,0.000187328,940800
mobilenetv3_small_permute_depthwise_conv2d_multiplier_4_053421,2,1,1,31,31,96,5,5,96,1,1,14,14,96,1,0,5,4,2,3,1,1,31,31,32,5,5,32,1,14,14,32,3.0,2926977.0,0.00639,56136.0,0.02927,0.032142,5.030047,0.0001870353,940800
mobilenetv3_small_permute_depthwise_conv2d_multiplier_4_054312,2,1,1,31,31,96,5,5,96,1,1,14,14,96,1,0,4,5,3,2,1,1,31,31,32,5,5,32,1,14,14,32,3.0,2926572.0,0.00644,55776.0,0.029266,0.032147,4.99177,0.00018847304,940800
mobilenetv3_small_permute_depthwise_conv2d_multiplier_4_054321,2,1,1,31,31,96,5,5,96,1,1,14,14,96,1,0,5,4,3,2,1,1,31,31,32,5,5,32,1,14,14,32,3.0,2926572.0,0.00639,55776.0,0.029266,0.032147,5.030829,0.00018700974,940800
mobilenetv3_small_permute_depthwise_conv2d_multiplier_5_012345,1,1,1,18,18,240,5,5,240,1,1,14,14,240,1,0,1,2,3,4,5,1,18,18,30,5,5,30,1,14,14,30,8.0,5565040.0,0.0133,115843.0,0.05565,0.042264,3.177744,0.000740145,2352000
mobilenetv3_small_permute_depthwise_conv2d_multiplier_5_012354,1,1,1,18,18,240,5,5,240,1,1,14,14,240,1,0,1,2,3,5,4,1,18,18,30,5,5,30,1,14,14,30,8.0,5565040.0,0.0134,114579.0,0.05565,0.042264,3.15403,0.00074571,2352000
mobilenetv3_small_permute_depthwise_conv2d_multiplier_5_013245,1,1,1,18,18,240,5,5,240,1,1,14,14,240,1,0,1,3,2,4,5,1,18,18,30,5,5,30,1,14,14,30,8.0,4431152.0,0.0137,119387.0,0.044312,0.053078,3.874307,0.0006070744,2352000
mobilenetv3_small_permute_depthwise_conv2d_multiplier_5_013254,1,1,1,18,18,240,5,5,240,1,1,14,14,240,1,0,1,3,2,5,4,1,18,18,30,5,5,30,1,14,14,30,8.0,4431152.0,0.0132,117006.0,0.044312,0.053078,4.021061,0.0005849184,2352000
mobilenetv3_small_permute_depthwise_conv2d_multiplier_5_021345,1,1,1,18,18,240,5,5,240,1,1,14,14,240,1,0,2,1,3,4,5,1,18,18,30,5,5,30,1,14,14,30,8.0,5565040.0,0.0134,115954.0,0.05565,0.042264,3.15403,0.00074571,2352000
mobilenetv3_small_permute_depthwise_conv2d_multiplier_5_021354,1,1,1,18,18,240,5,5,240,1,1,14,14,240,1,0,2,1,3,5,4,1,18,18,30,5,5,30,1,14,14,30,8.0,5565040.0,0.0135,114998.0,0.05565,0.042264,3.130667,0.000751275,2352000
mobilenetv3_small_permute_depthwise_conv2d_multiplier_5_023145,1,1,1,18,18,240,5,5,240,1,1,14,14,240,1,0,3,1,2,4,5,1,18,18,30,5,5,30,1,14,14,30,8.0,4431152.0,0.0138,120295.0,0.044312,0.053078,3.846232,0.0006115056,2352000
mobilenetv3_small_permute_depthwise_conv2d_multiplier_5_023154,1,1,1,18,18,240,5,5,240,1,1,14,14,240,1,0,3,1,2,5,4,1,18,18,30,5,5,30,1,14,14,30,8.0,4431152.0,0.0135,118190.0,0.044312,0.053078,3.931704,0.000598212,2352000
mobilenetv3_small_permute_depthwise_conv2d_multiplier_5_031245,1,1,1,18,18,240,5,5,240,1,1,14,14,240,1,0,2,3,1,4,5,1,18,18,30,5,5,30,1,14,14,30,8.0,4350160.0,0.0134,118694.0,0.043502,0.054066,4.034776,0.0005829268,2352000
mobilenetv3_small_permute_depthwise_conv2d_multiplier_5_031254,1,1,1,18,18,240,5,5,240,1,1,14,14,240,1,0,2,3,1,5,4,1,18,18,30,5,5,30,1,14,14,30,8.0,4350160.0,0.0133,117864.0,0.043502,0.054066,4.065113,0.0005785766,2352000
mobilenetv3_small_permute_depthwise_conv2d_multiplier_5_032145,1,1,1,18,18,240,5,5,240,1,1,14,14,240,1,0,3,2,1,4,5,1,18,18,30,5,5,30,1,14,14,30,8.0,4350160.0,0.0138,120217.0,0.043502,0.054066,3.917826,0.0006003276,2352000
mobilenetv3_small_permute_depthwise_conv2d_multiplier_5_032154,1,1,1,18,18,240,5,5,240,1,1,14,14,240,1,0,3,2,1,5,4,1,18,18,30,5,5,30,1,14,14,30,8.0,4350160.0,0.0133,117378.0,0.043502,0.054066,4.065113,0.0005785766,2352000
mobilenetv3_small_permute_depthwise_conv2d_multiplier_5_034512,1,1,1,18,18,240,5,5,240,1,1,14,14,240,1,0,4,5,1,2,3,1,18,18,30,5,5,30,1,14,14,30,8.0,7859680.0,0.0135,120405.0,0.078597,0.029925,2.216667,0.0010610595,2352000
mobilenetv3_small_permute_depthwise_conv2d_multiplier_5_034521,1,1,1,18,18,240,5,5,240,1,1,14,14,240,1,0,5,4,1,2,3,1,18,18,30,5,5,30,1,14,14,30,8.0,7876480.0,0.00978,89922.0,0.078765,0.029861,3.053272,0.0007703217,2352000
mobilenetv3_small_permute_depthwise_conv2d_multiplier_5_035412,1,1,1,18,18,240,5,5,240,1,1,14,14,240,1,0,4,5,1,3,2,1,18,18,30,5,5,30,1,14,14,30,8.0,7876480.0,0.00981,88057.0,0.078765,0.029861,3.043935,0.00077268465,2352000
mobilenetv3_small_permute_depthwise_conv2d_multiplier_5_035421,1,1,1,18,18,240,5,5,240,1,1,14,14,240,1,0,5,4,1,3,2,1,18,18,30,5,5,30,1,14,14,30,8.0,7876480.0,0.01,91554.0,0.078765,0.029861,2.9861,0.00078765,2352000
mobilenetv3_small_permute_depthwise_conv2d_multiplier_5_043512,1,1,1,18,18,240,5,5,240,1,1,14,14,240,1,0,4,5,2,1,3,1,18,18,30,5,5,30,1,14,14,30,8.0,7859480.0,0.0134,120255.0,0.078595,0.029926,2.233284,0.001053173,2352000
mobilenetv3_small_permute_depthwise_conv2d_multiplier_5_043521,1,1,1,18,18,240,5,5,240,1,1,14,14,240,1,0,5,4,2,1,3,1,18,18,30,5,5,30,1,14,14,30,8.0,7876280.0,0.00974,89858.0,0.078763,0.029862,3.065914,0.00076715162,2352000
mobilenetv3_small_permute_depthwise_conv2d_multiplier_5_045312,1,1,1,18,18,240,5,5,240,1,1,14,14,240,1,0,4,5,3,1,2,1,18,18,30,5,5,30,1,14,14,30,8.0,6700480.0,0.00688,61414.0,0.067005,0.035102,5.102035,0.0004609944,2352000
mobilenetv3_small_permute_depthwise_conv2d_multiplier_5_045321,1,1,1,18,18,240,5,5,240,1,1,14,14,240,1,0,5,4,3,1,2,1,18,18,30,5,5,30,1,14,14,30,8.0,6700480.0,0.00689,61237.0,0.067005,0.035102,5.09463,0.00046166445,2352000
mobilenetv3_small_permute_depthwise_conv2d_multiplier_5_053412,1,1,1,18,18,240,5,5,240,1,1,14,14,240,1,0,4,5,2,3,1,1,18,18,30,5,5,30,1,14,14,30,8.0,7876280.0,0.00994,88813.0,0.078763,0.029862,3.004225,0.00078290422,2352000
mobilenetv3_small_permute_depthwise_conv2d_multiplier_5_053421,1,1,1,18,18,240,5,5,240,1,1,14,14,240,1,0,5,4,2,3,1,1,18,18,30,5,5,30,1,14,14,30,8.0,7876280.0,0.0101,92352.0,0.078763,0.029862,2.956634,0.0007955063,2352000
mobilenetv3_small_permute_depthwise_conv2d_multiplier_5_054312,1,1,1,18,18,240,5,5,240,1,1,14,14,240,1,0,4,5,3,2,1,1,18,18,30,5,5,30,1,14,14,30,8.0,6700480.0,0.00678,60114.0,0.067005,0.035102,5.177286,0.0004542939,2352000
mobilenetv3_small_permute_depthwise_conv2d_multiplier_5_054321,1,1,1,18,18,240,5,5,240,1,1,14,14,240,1,0,5,4,3,2,1,1,18,18,30,5,5,30,1,14,14,30,8.0,6700480.0,0.00687,61523.0,0.067005,0.035102,5.109461,0.00046032435,2352000
mobilenetv3_small_permute_depthwise_conv2d_multiplier_6_012345,1,1,1,18,18,240,5,5,240,1,1,14,14,240,1,0,1,2,3,4,5,1,18,18,30,5,5,30,1,14,14,30,8.0,5565040.0,0.0137,116529.0,0.05565,0.042264,3.084964,0.000762405,2352000
mobilenetv3_small_permute_depthwise_conv2d_multiplier_6_012354,1,1,1,18,18,240,5,5,240,1,1,14,14,240,1,0,1,2,3,5,4,1,18,18,30,5,5,30,1,14,14,30,8.0,5565040.0,0.0133,114697.0,0.05565,0.042264,3.177744,0.000740145,2352000
mobilenetv3_small_permute_depthwise_conv2d_multiplier_6_013245,1,1,1,18,18,240,5,5,240,1,1,14,14,240,1,0,1,3,2,4,5,1,18,18,30,5,5,30,1,14,14,30,8.0,4431152.0,0.014,119580.0,0.044312,0.053078,3.791286,0.000620368,2352000
mobilenetv3_small_permute_depthwise_conv2d_multiplier_6_013254,1,1,1,18,18,240,5,5,240,1,1,14,14,240,1,0,1,3,2,5,4,1,18,18,30,5,5,30,1,14,14,30,8.0,4431152.0,0.0133,117586.0,0.044312,0.053078,3.990827,0.0005893496,2352000
mobilenetv3_small_permute_depthwise_conv2d_multiplier_6_021345,1,1,1,18,18,240,5,5,240,1,1,14,14,240,1,0,2,1,3,4,5,1,18,18,30,5,5,30,1,14,14,30,8.0,5565040.0,0.0133,115865.0,0.05565,0.042264,3.177744,0.000740145,2352000
mobilenetv3_small_permute_depthwise_conv2d_multiplier_6_021354,1,1,1,18,18,240,5,5,240,1,1,14,14,240,1,0,2,1,3,5,4,1,18,18,30,5,5,30,1,14,14,30,8.0,5565040.0,0.0134,114654.0,0.05565,0.042264,3.15403,0.00074571,2352000
mobilenetv3_small_permute_depthwise_conv2d_multiplier_6_023145,1,1,1,18,18,240,5,5,240,1,1,14,14,240,1,0,3,1,2,4,5,1,18,18,30,5,5,30,1,14,14,30,8.0,4431152.0,0.0141,120960.0,0.044312,0.053078,3.764397,0.0006247992,2352000
mobilenetv3_small_permute_depthwise_conv2d_multiplier_6_023154,1,1,1,18,18,240,5,5,240,1,1,14,14,240,1,0,3,1,2,5,4,1,18,18,30,5,5,30,1,14,14,30,8.0,4431152.0,0.0136,118319.0,0.044312,0.053078,3.902794,0.0006026432,2352000
mobilenetv3_small_permute_depthwise_conv2d_multiplier_6_031245,1,1,1,18,18,240,5,5,240,1,1,14,14,240,1,0,2,3,1,4,5,1,18,18,30,5,5,30,1,14,14,30,8.0,4350160.0,0.0133,117976.0,0.043502,0.054066,4.065113,0.0005785766,2352000
mobilenetv3_small_permute_depthwise_conv2d_multiplier_6_031254,1,1,1,18,18,240,5,5,240,1,1,14,14,240,1,0,2,3,1,5,4,1,18,18,30,5,5,30,1,14,14,30,8.0,4350160.0,0.0134,117545.0,0.043502,0.054066,4.034776,0.0005829268,2352000
mobilenetv3_small_permute_depthwise_conv2d_multiplier_6_032145,1,1,1,18,18,240,5,5,240,1,1,14,14,240,1,0,3,2,1,4,5,1,18,18,30,5,5,30,1,14,14,30,8.0,4350160.0,0.0139,119658.0,0.043502,0.054066,3.88964,0.0006046778,2352000
mobilenetv3_small_permute_depthwise_conv2d_multiplier_6_032154,1,1,1,18,18,240,5,5,240,1,1,14,14,240,1,0,3,2,1,5,4,1,18,18,30,5,5,30,1,14,14,30,8.0,4350160.0,0.0132,116338.0,0.043502,0.054066,4.095909,0.0005742264,2352000
mobilenetv3_small_permute_depthwise_conv2d_multiplier_6_034512,1,1,1,18,18,240,5,5,240,1,1,14,14,240,1,0,4,5,1,2,3,1,18,18,30,5,5,30,1,14,14,30,8.0,7859680.0,0.0135,120483.0,0.078597,0.029925,2.216667,0.0010610595,2352000
mobilenetv3_small_permute_depthwise_conv2d_multiplier_6_034521,1,1,1,18,18,240,5,5,240,1,1,14,14,240,1,0,5,4,1,2,3,1,18,18,30,5,5,30,1,14,14,30,8.0,7876480.0,0.00982,89994.0,0.078765,0.029861,3.040835,0.0007734723,2352000
mobilenetv3_small_permute_depthwise_conv2d_multiplier_6_035412,1,1,1,18,18,240,5,5,240,1,1,14,14,240,1,0,4,5,1,3,2,1,18,18,30,5,5,30,1,14,14,30,8.0,7876480.0,0.00977,87968.0,0.078765,0.029861,3.056397,0.00076953405,2352000
mobilenetv3_small_permute_depthwise_conv2d_multiplier_6_035421,1,1,1,18,18,240,5,5,240,1,1,14,14,240,1,0,5,4,1,3,2,1,18,18,30,5,5,30,1,14,14,30,8.0,7876480.0,0.00993,91302.0,0.078765,0.029861,3.00715,0.00078213645,2352000
mobilenetv3_small_permute_depthwise_conv2d_multiplier_6_043512,1,1,1,18,18,240,5,5,240,1,1,14,14,240,1,0,4,5,2,1,3,1,18,18,30,5,5,30,1,14,14,30,8.0,7859480.0,0.0136,120122.0,0.078595,0.029926,2.200441,0.001068892,2352000
mobilenetv3_small_permute_depthwise_conv2d_multiplier_6_043521,1,1,1,18,18,240,5,5,240,1,1,14,14,240,1,0,5,4,2,1,3,1,18,18,30,5,5,30,1,14,14,30,8.0,7876280.0,0.00976,90235.0,0.078763,0.029862,3.059631,0.00076872688,2352000
mobilenetv3_small_permute_depthwise_conv2d_multiplier_6_045312,1,1,1,18,18,240,5,5,240,1,1,14,14,240,1,0,4,5,3,1,2,1,18,18,30,5,5,30,1,14,14,30,8.0,6700480.0,0.00676,60973.0,0.067005,0.035102,5.192604,0.0004529538,2352000
mobilenetv3_small_permute_depthwise_conv2d_multiplier_6_045321,1,1,1,18,18,240,5,5,240,1,1,14,14,240,1,0,5,4,3,1,2,1,18,18,30,5,5,30,1,14,14,30,8.0,6700480.0,0.00661,60596.0,0.067005,0.035102,5.310439,0.00044290305,2352000
mobilenetv3_small_permute_depthwise_conv2d_multiplier_6_053412,1,1,1,18,18,240,5,5,240,1,1,14,14,240,1,0,4,5,2,3,1,1,18,18,30,5,5,30,1,14,14,30,8.0,7876280.0,0.00994,88813.0,0.078763,0.029862,3.004225,0.00078290422,2352000
mobilenetv3_small_permute_depthwise_conv2d_multiplier_6_053421,1,1,1,18,18,240,5,5,240,1,1,14,14,240,1,0,5,4,2,3,1,1,18,18,30,5,5,30,1,14,14,30,8.0,7876280.0,0.0101,92352.0,0.078763,0.029862,2.956634,0.0007955063,2352000
mobilenetv3_small_permute_depthwise_conv2d_multiplier_6_054312,1,1,1,18,18,240,5,5,240,1,1,14,14,240,1,0,4,5,3,2,1,1,18,18,30,5,5,30,1,14,14,30,8.0,6700480.0,0.00694,61377.0,0.067005,0.035102,5.057925,0.0004650147,2352000
mobilenetv3_small_permute_depthwise_conv2d_multiplier_6_054321,1,1,1,18,18,240,5,5,240,1,1,14,14,240,1,0,5,4,3,2,1,1,18,18,30,5,5,30,1,14,14,30,8.0,6700480.0,0.00671,60809.0,0.067005,0.035102,5.231297,0.00044960355,2352000
mobilenetv3_small_permute_depthwise_conv2d_multiplier_7_012345,1,1,1,18,18,120,5,5,120,1,1,14,14,120,1,0,1,2,3,4,5,1,18,18,30,5,5,30,1,14,14,30,4.0,2782520.0,0.0133,115512.0,0.027825,0.042264,3.177744,0.0003700725,1176000
mobilenetv3_small_permute_depthwise_conv2d_multiplier_7_012354,1,1,1,18,18,120,5,5,120,1,1,14,14,120,1,0,1,2,3,5,4,1,18,18,30,5,5,30,1,14,14,30,4.0,2782520.0,0.0133,114144.0,0.027825,0.042264,3.177744,0.0003700725,1176000
mobilenetv3_small_permute_depthwise_conv2d_multiplier_7_013245,1,1,1,18,18,120,5,5,120,1,1,14,14,120,1,0,1,3,2,4,5,1,18,18,30,5,5,30,1,14,14,30,4.0,2215576.0,0.0134,119609.0,0.022156,0.053078,3.961045,0.0002968904,1176000
mobilenetv3_small_permute_depthwise_conv2d_multiplier_7_013254,1,1,1,18,18,120,5,5,120,1,1,14,14,120,1,0,1,3,2,5,4,1,18,18,30,5,5,30,1,14,14,30,4.0,2215576.0,0.0133,117136.0,0.022156,0.053078,3.990827,0.0002946748,1176000
mobilenetv3_small_permute_depthwise_conv2d_multiplier_7_021345,1,1,1,18,18,120,5,5,120,1,1,14,14,120,1,0,2,1,3,4,5,1,18,18,30,5,5,30,1,14,14,30,4.0,2782520.0,0.0134,115257.0,0.027825,0.042264,3.15403,0.000372855,1176000
mobilenetv3_small_permute_depthwise_conv2d_multiplier_7_021354,1,1,1,18,18,120,5,5,120,1,1,14,14,120,1,0,2,1,3,5,4,1,18,18,30,5,5,30,1,14,14,30,4.0,2782520.0,0.0134,115193.0,0.027825,0.042264,3.15403,0.000372855,1176000
mobilenetv3_small_permute_depthwise_conv2d_multiplier_7_023145,1,1,1,18,18,120,5,5,120,1,1,14,14,120,1,0,3,1,2,4,5,1,18,18,30,5,5,30,1,14,14,30,4.0,2215576.0,0.0142,120492.0,0.022156,0.053078,3.737887,0.0003146152,1176000
mobilenetv3_small_permute_depthwise_conv2d_multiplier_7_023154,1,1,1,18,18,120,5,5,120,1,1,14,14,120,1,0,3,1,2,5,4,1,18,18,30,5,5,30,1,14,14,30,4.0,2215576.0,0.0136,118715.0,0.022156,0.053078,3.902794,0.0003013216,1176000
mobilenetv3_small_permute_depthwise_conv2d_multiplier_7_031245,1,1,1,18,18,120,5,5,120,1,1,14,14,120,1,0,2,3,1,4,5,1,18,18,30,5,5,30,1,14,14,30,4.0,2175080.0,0.0134,117710.0,0.021751,0.054066,4.034776,0.0002914634,1176000
mobilenetv3_small_permute_depthwise_conv2d_multiplier_7_031254,1,1,1,18,18,120,5,5,120,1,1,14,14,120,1,0,2,3,1,5,4,1,18,18,30,5,5,30,1,14,14,30,4.0,2175080.0,0.0133,116952.0,0.021751,0.054066,4.065113,0.0002892883,1176000
mobilenetv3_small_permute_depthwise_conv2d_multiplier_7_032145,1,1,1,18,18,120,5,5,120,1,1,14,14,120,1,0,3,2,1,4,5,1,18,18,30,5,5,30,1,14,14,30,4.0,2175080.0,0.0137,120172.0,0.021751,0.054066,3.946423,0.0002979887,1176000
mobilenetv3_small_permute_depthwise_conv2d_multiplier_7_032154,1,1,1,18,18,120,5,5,120,1,1,14,14,120,1,0,3,2,1,5,4,1,18,18,30,5,5,30,1,14,14,30,4.0,2175080.0,0.013,116076.0,0.021751,0.054066,4.158923,0.000282763,1176000
mobilenetv3_small_permute_depthwise_conv2d_multiplier_7_034512,1,1,1,18,18,120,5,5,120,1,1,14,14,120,1,0,4,5,1,2,3,1,18,18,30,5,5,30,1,14,14,30,4.0,3929840.0,0.0135,120479.0,0.039298,0.029925,2.216667,0.000530523,1176000
mobilenetv3_small_permute_depthwise_conv2d_multiplier_7_034521,1,1,1,18,18,120,5,5,120,1,1,14,14,120,1,0,5,4,1,2,3,1,18,18,30,5,5,30,1,14,14,30,4.0,3938240.0,0.00978,89922.0,0.039382,0.029861,3.053272,0.00038515596,1176000
mobilenetv3_small_permute_depthwise_conv2d_multiplier_7_035412,1,1,1,18,18,120,5,5,120,1,1,14,14,120,1,0,4,5,1,3,2,1,18,18,30,5,5,30,1,14,14,30,4.0,3938240.0,0.00979,88077.0,0.039382,0.029861,3.050153,0.00038554978,1176000
mobilenetv3_small_permute_depthwise_conv2d_multiplier_7_035421,1,1,1,18,18,120,5,5,120,1,1,14,14,120,1,0,5,4,1,3,2,1,18,18,30,5,5,30,1,14,14,30,4.0,3938240.0,0.00993,91302.0,0.039382,0.029861,3.00715,0.00039106326,1176000
mobilenetv3_small_permute_depthwise_conv2d_multiplier_7_043512,1,1,1,18,18,120,5,5,120,1,1,14,14,120,1,0,4,5,2,1,3,1,18,18,30,5,5,30,1,14,14,30,4.0,3929740.0,0.0135,120189.0,0.039297,0.029926,2.216741,0.0005305095,1176000
mobilenetv3_small_permute_depthwise_conv2d_multiplier_7_043521,1,1,1,18,18,120,5,5,120,1,1,14,14,120,1,0,5,4,2,1,3,1,18,18,30,5,5,30,1,14,14,30,4.0,3938140.0,0.00976,90235.0,0.039381,0.029862,3.059631,0.00038435856,1176000
mobilenetv3_small_permute_depthwise_conv2d_multiplier_7_045312,1,1,1,18,18,120,5,5,120,1,1,14,14,120,1,0,4,5,3,1,2,1,18,18,30,5,5,30,1,14,14,30,4.0,3350240.0,0.00676,60973.0,0.033502,0.035102,5.192604,0.00022647352,1176000
mobilenetv3_small_permute_depthwise_conv2d_multiplier_7_045321,1,1,1,18,18,120,5,5,120,1,1,14,14,120,1,0,5,4,3,1,2,1,18,18,30,5,5,30,1,14,14,30,4.0,3350240.0,0.00661,60596.0,0.033502,0.035102,5.310439,0.00022144822,1176000
mobilenetv3_small_permute_depthwise_conv2d_multiplier_7_053412,1,1,1,18,18,120,5,5,120,1,1,14,14,120,1,0,4,5,2,3,1,1,18,18,30,5,5,30,1,14,14,30,4.0,3938140.0,0.00994,88813.0,0.039381,0.029862,3.004225,0.00039144714,1176000
mobilenetv3_small_permute_depthwise_conv2d_multiplier_7_053421,1,1,1,18,18,120,5,5,120,1,1,14,14,120,1,0,5,4,2,3,1,1,18,18,30,5,5,30,1,14,14,30,4.0,3938140.0,0.0101,92352.0,0.039381,0.029862,2.956634,0.0003977481,1176000
mobilenetv3_small_permute_depthwise_conv2d_multiplier_7_054312,1,1,1,18,18,120,5,5,120,1,1,14,14,120,1,0,4,5,3,2,1,1,18,18,30,5,5,30,1,14,14,30,4.0,3350240.0,0.00694,61377.0,0.033502,0.035102,5.057925,0.00023250388,1176000
mobilenetv3_small_permute_depthwise_conv2d_multiplier_7_054321,1,1,1,18,18,120,5,5,120,1,1,14,14,120,1,0,5,4,3,2,1,1,18,18,30,5,5,30,1,14,14,30,4.0,3350240.0,0.00687,61523.0,0.033502,0.035102,5.109461,0.00023015874,1176000
mobilenetv3_small_permute_depthwise_conv2d_multiplier_8_012345,1,1,1,18,18,144,5,5,144,1,1,14,14,144,1,0,1,2,3,4,5,1,18,18,24,5,5,24,1,14,14,24,6.0,3127020.0,0.0223,185116.0,0.03127,0.04513,2.023767,0.000697321,1411200
mobilenetv3_small_permute_depthwise_conv2d_multiplier_8_012354,1,1,1,18,18,144,5,5,144,1,1,14,14,144,1,0,1,2,3,5,4,1,18,18,24,5,5,24,1,14,14,24,6.0,3127020.0,0.0224,185827.0,0.03127,0.04513,2.014732,0.000700448,1411200
mobilenetv3_small_permute_depthwise_conv2d_multiplier_8_013245,1,1,1,18,18,144,5,5,144,1,1,14,14,144,1,0,1,3,2,4,5,1,18,18,24,5,5,24,1,14,14,24,6.0,2446452.0,0.0224,188134.0,0.024465,0.057682,2.575089,0.000548016,1411200
mobilenetv3_small_permute_depthwise_conv2d_multiplier_8_013254,1,1,1,18,18,144,5,5,144,1,1,14,14,144,1,0,1,3,2,5,4,1,18,18,24,5,5,24,1,14,14,24,6.0,2446452.0,0.0224,187175.0,0.024465,0.057682,2.575089,0.000548016,1411200
mobilenetv3_small_permute_depthwise_conv2d_multiplier_8_021345,1,1,1,18,18,144,5,5,144,1,1,14,14,144,1,0,2,1,3,4,5,1,18,18,24,5,5,24,1,14,14,24,6.0,3127020.0,0.022,183408.0,0.03127,0.04513,2.051364,0.00068794,1411200
mobilenetv3_small_permute_depthwise_conv2d_multiplier_8_021354,1,1,1,18,18,144,5,5,144,1,1,14,14,144,1,0,2,1,3,5,4,1,18,18,24,5,5,24,1,14,14,24,6.0,3127020.0,0.0221,183612.0,0.03127,0.04513,2.042081,0.000691067,1411200
mobilenetv3_small_permute_depthwise_conv2d_multiplier_8_023145,1,1,1,18,18,144,5,5,144,1,1,14,14,144,1,0,3,1,2,4,5,1,18,18,24,5,5,24,1,14,14,24,6.0,2446452.0,0.0229,190066.0,0.024465,0.057682,2.518865,0.0005602485,1411200
mobilenetv3_small_permute_depthwise_conv2d_multiplier_8_023154,1,1,1,18,18,144,5,5,144,1,1,14,14,144,1,0,3,1,2,5,4,1,18,18,24,5,5,24,1,14,14,24,6.0,2446452.0,0.0226,188259.0,0.024465,0.057682,2.552301,0.000552909,1411200
mobilenetv3_small_permute_depthwise_conv2d_multiplier_8_031245,1,1,1,18,18,144,5,5,144,1,1,14,14,144,1,0,2,3,1,4,5,1,18,18,24,5,5,24,1,14,14,24,6.0,2397840.0,0.0227,189036.0,0.023978,0.058854,2.592687,0.0005443006,1411200
mobilenetv3_small_permute_depthwise_conv2d_multiplier_8_031254,1,1,1,18,18,144,5,5,144,1,1,14,14,144,1,0,2,3,1,5,4,1,18,18,24,5,5,24,1,14,14,24,6.0,2397840.0,0.0222,186882.0,0.023978,0.058854,2.651081,0.0005323116,1411200
mobilenetv3_small_permute_depthwise_conv2d_multiplier_8_032145,1,1,1,18,18,144,5,5,144,1,1,14,14,144,1,0,3,2,1,4,5,1,18,18,24,5,5,24,1,14,14,24,6.0,2397840.0,0.0227,189518.0,0.023978,0.058854,2.592687,0.0005443006,1411200
mobilenetv3_small_permute_depthwise_conv2d_multiplier_8_032154,1,1,1,18,18,144,5,5,144,1,1,14,14,144,1,0,3,2,1,5,4,1,18,18,24,5,5,24,1,14,14,24,6.0,2397840.0,0.0222,187903.0,0.023978,0.058854,2.651081,0.0005323116,1411200
mobilenetv3_small_permute_depthwise_conv2d_multiplier_8_034512,1,1,1,18,18,144,5,5,144,1,1,14,14,144,1,0,4,5,1,2,3,1,18,18,24,5,5,24,1,14,14,24,6.0,4785792.0,0.0222,189558.0,0.047858,0.029487,1.328243,0.0010624476,1411200
mobilenetv3_small_permute_depthwise_conv2d_multiplier_8_034521,1,1,1,18,18,144,5,5,144,1,1,14,14,144,1,0,5,4,1,2,3,1,18,18,24,5,5,24,1,14,14,24,6.0,4513632.0,0.0193,160337.0,0.045136,0.031266,1.62,0.0008711248,1411200
mobilenetv3_small_permute_depthwise_conv2d_multiplier_8_035412,1,1,1,18,18,144,5,5,144,1,1,14,14,144,1,0,4,5,1,3,2,1,18,18,24,5,5,24,1,14,14,24,6.0,4513632.0,0.0197,161206.0,0.045136,0.031266,1.587107,0.0008891792,1411200
mobilenetv3_small_permute_depthwise_conv2d_multiplier_8_035421,1,1,1,18,18,144,5,5,144,1,1,14,14,144,1,0,5,4,1,3,2,1,18,18,24,5,5,24,1,14,14,24,6.0,4513632.0,0.0196,163658.0,0.045136,0.031266,1.595204,0.0008846656,1411200
mobilenetv3_small_permute_depthwise_conv2d_multiplier_8_043512,1,1,1,18,18,144,5,5,144,1,1,14,14,144,1,0,4,5,2,1,3,1,18,18,24,5,5,24,1,14,14,24,6.0,4785678.0,0.0225,190527.0,0.047857,0.029488,1.310578,0.0010767825,1411200
mobilenetv3_small_permute_depthwise_conv2d_multiplier_8_043521,1,1,1,18,18,144,5,5,144,1,1,14,14,144,1,0,5,4,2,1,3,1,18,18,24,5,5,24,1,14,14,24,6.0,4513518.0,0.0192,161893.0,0.045135,0.031266,1.628438,0.000866592,1411200
mobilenetv3_small_permute_depthwise_conv2d_multiplier_8_045312,1,1,1,18,18,144,5,5,144,1,1,14,14,144,1,0,4,5,3,1,2,1,18,18,24,5,5,24,1,14,14,24,6.0,5219268.0,0.0163,133048.0,0.052193,0.027038,1.658773,0.0008507459,1411200
mobilenetv3_small_permute_depthwise_conv2d_multiplier_8_045321,1,1,1,18,18,144,5,5,144,1,1,14,14,144,1,0,5,4,3,1,2,1,18,18,24,5,5,24,1,14,14,24,6.0,3808068.0,0.0162,133065.0,0.038081,0.037058,2.287531,0.0006169122,1411200
mobilenetv3_small_permute_depthwise_conv2d_multiplier_8_053412,1,1,1,18,18,144,5,5,144,1,1,14,14,144,1,0,4,5,2,3,1,1,18,18,24,5,5,24,1,14,14,24,6.0,4513518.0,0.0194,161056.0,0.045135,0.031266,1.611649,0.000875619,1411200
mobilenetv3_small_permute_depthwise_conv2d_multiplier_8_053421,1,1,1,18,18,144,5,5,144,1,1,14,14,144,1,0,5,4,2,3,1,1,18,18,24,5,5,24,1,14,14,24,6.0,4513518.0,0.0195,163181.0,0.045135,0.031266,1.603385,0.0008801325,1411200
mobilenetv3_small_permute_depthwise_conv2d_multiplier_8_054312,1,1,1,18,18,144,5,5,144,1,1,14,14,144,1,0,4,5,3,2,1,1,18,18,24,5,5,24,1,14,14,24,6.0,5219268.0,0.0161,133098.0,0.052193,0.027038,1.679379,0.0008403073,1411200
mobilenetv3_small_permute_depthwise_conv2d_multiplier_8_054321,1,1,1,18,18,144,5,5,144,1,1,14,14,144,1,0,5,4,3,2,1,1,18,18,24,5,5,24,1,14,14,24,6.0,3808068.0,0.0167,133252.0,0.038081,0.037058,2.219042,0.0006359527,1411200
mobilenetv3_small_permute_depthwise_conv2d_multiplier_9_012345,2,1,1,17,17,288,5,5,288,1,1,7,7,288,1,0,1,2,3,4,5,1,17,17,32,5,5,32,1,7,7,32,9.0,1932570.0,0.0156,130717.0,0.019326,0.03651,2.340385,0.0003014856,705600
mobilenetv3_small_permute_depthwise_conv2d_multiplier_9_012354,2,1,1,17,17,288,5,5,288,1,1,7,7,288,1,0,1,2,3,5,4,1,17,17,32,5,5,32,1,7,7,32,9.0,1935324.0,0.0157,132047.0,0.019353,0.036459,2.322229,0.0003038421,705600
mobilenetv3_small_permute_depthwise_conv2d_multiplier_9_013245,2,1,1,17,17,288,5,5,288,1,1,7,7,288,1,0,1,3,2,4,5,1,17,17,32,5,5,32,1,7,7,32,9.0,1619649.0,0.0162,136129.0,0.016196,0.043566,2.689259,0.0002623752,705600
mobilenetv3_small_permute_depthwise_conv2d_multiplier_9_013254,2,1,1,17,17,288,5,5,288,1,1,7,7,288,1,0,1,3,2,5,4,1,17,17,32,5,5,32,1,7,7,32,9.0,1619649.0,0.0162,137043.0,0.016196,0.043566,2.689259,0.0002623752,705600
mobilenetv3_small_permute_depthwise_conv2d_multiplier_9_021345,2,1,1,17,17,288,5,5,288,1,1,7,7,288,1,0,2,1,3,4,5,1,17,17,32,5,5,32,1,7,7,32,9.0,1932570.0,0.0157,130937.0,0.019326,0.03651,2.325478,0.0003034182,705600
mobilenetv3_small_permute_depthwise_conv2d_multiplier_9_021354,2,1,1,17,17,288,5,5,288,1,1,7,7,288,1,0,2,1,3,5,4,1,17,17,32,5,5,32,1,7,7,32,9.0,1932570.0,0.0159,131293.0,0.019326,0.03651,2.296226,0.0003072834,705600
mobilenetv3_small_permute_depthwise_conv2d_multiplier_9_023145,2,1,1,17,17,288,5,5,288,1,1,7,7,288,1,0,3,1,2,4,5,1,17,17,32,5,5,32,1,7,7,32,9.0,1619649.0,0.016,135348.0,0.016196,0.043566,2.722875,0.000259136,705600
mobilenetv3_small_permute_depthwise_conv2d_multiplier_9_023154,2,1,1,17,17,288,5,5,288,1,1,7,7,288,1,0,3,1,2,5,4,1,17,17,32,5,5,32,1,7,7,32,9.0,1619649.0,0.0165,136082.0,0.016196,0.043566,2.640364,0.000267234,705600
mobilenetv3_small_permute_depthwise_conv2d_multiplier_9_031245,2,1,1,17,17,288,5,5,288,1,1,7,7,288,1,0,2,3,1,4,5,1,17,17,32,5,5,32,1,7,7,32,9.0,1574946.0,0.0161,134494.0,0.015749,0.044803,2.782795,0.0002535589,705600
mobilenetv3_small_permute_depthwise_conv2d_multiplier_9_031254,2,1,1,17,17,288,5,5,288,1,1,7,7,288,1,0,2,3,1,5,4,1,17,17,32,5,5,32,1,7,7,32,9.0,1574946.0,0.016,134905.0,0.015749,0.044803,2.800188,0.000251984,705600
mobilenetv3_small_permute_depthwise_conv2d_multiplier_9_032145,2,1,1,17,17,288,5,5,288,1,1,7,7,288,1,0,3,2,1,4,5,1,17,17,32,5,5,32,1,7,7,32,9.0,1574946.0,0.0158,134430.0,0.015749,0.044803,2.835633,0.0002488342,705600
mobilenetv3_small_permute_depthwise_conv2d_multiplier_9_032154,2,1,1,17,17,288,5,5,288,1,1,7,7,288,1,0,3,2,1,5,4,1,17,17,32,5,5,32,1,7,7,32,9.0,1574946.0,0.016,135441.0,0.015749,0.044803,2.800188,0.000251984,705600
mobilenetv3_small_permute_depthwise_conv2d_multiplier_9_034512,2,1,1,17,17,288,5,5,288,1,1,7,7,288,1,0,4,5,1,2,3,1,17,17,32,5,5,32,1,7,7,32,9.0,2669058.0,0.0114,101849.0,0.026691,0.026436,2.318947,0.0003042774,705600
mobilenetv3_small_permute_depthwise_conv2d_multiplier_9_034521,2,1,1,17,17,288,5,5,288,1,1,7,7,288,1,0,5,4,1,2,3,1,17,17,32,5,5,32,1,7,7,32,9.0,2568258.0,0.0111,100069.0,0.025683,0.027473,2.475045,0.0002850813,705600
mobilenetv3_small_permute_depthwise_conv2d_multiplier_9_035412,2,1,1,17,17,288,5,5,288,1,1,7,7,288,1,0,4,5,1,3,2,1,17,17,32,5,5,32,1,7,7,32,9.0,2669058.0,0.0115,101278.0,0.026691,0.026436,2.298783,0.0003069465,705600
mobilenetv3_small_permute_depthwise_conv2d_multiplier_9_035421,2,1,1,17,17,288,5,5,288,1,1,7,7,288,1,0,5,4,1,3,2,1,17,17,32,5,5,32,1,7,7,32,9.0,2568258.0,0.0109,99661.0,0.025683,0.027473,2.520459,0.0002799447,705600
mobilenetv3_small_permute_depthwise_conv2d_multiplier_9_043512,2,1,1,17,17,288,5,5,288,1,1,7,7,288,1,0,4,5,2,1,3,1,17,17,32,5,5,32,1,7,7,32,9.0,2668815.0,0.0116,102174.0,0.026688,0.026439,2.279224,0.0003095808,705600
mobilenetv3_small_permute_depthwise_conv2d_multiplier_9_043521,2,1,1,17,17,288,5,5,288,1,1,7,7,288,1,0,5,4,2,1,3,1,17,17,32,5,5,32,1,7,7,32,9.0,2568015.0,0.011,100823.0,0.02568,0.027477,2.497909,0.00028248,705600
mobilenetv3_small_permute_depthwise_conv2d_multiplier_9_045312,2,1,1,17,17,288,5,5,288,1,1,7,7,288,1,0,4,5,3,1,2,1,17,17,32,5,5,32,1,7,7,32,9.0,2667600.0,0.0115,101759.0,0.026676,0.026451,2.300087,0.000306774,705600
mobilenetv3_small_permute_depthwise_conv2d_multiplier_9_045321,2,1,1,17,17,288,5,5,288,1,1,7,7,288,1,0,5,4,3,1,2,1,17,17,32,5,5,32,1,7,7,32,9.0,2566800.0,0.011,100268.0,0.025668,0.027489,2.499,0.000282348,705600
mobilenetv3_small_permute_depthwise_conv2d_multiplier_9_053412,2,1,1,17,17,288,5,5,288,1,1,7,7,288,1,0,4,5,2,3,1,1,17,17,32,5,5,32,1,7,7,32,9.0,2668815.0,0.0113,100783.0,0.026688,0.026439,2.339735,0.0003015744,705600
mobilenetv3_small_permute_depthwise_conv2d_multiplier_9_053421,2,1,1,17,17,288,5,5,288,1,1,7,7,288,1,0,5,4,2,3,1,1,17,17,32,5,5,32,1,7,7,32,9.0,2568015.0,0.0108,99638.0,0.02568,0.027477,2.544167,0.000277344,705600
mobilenetv3_small_permute_depthwise_conv2d_multiplier_9_054312,2,1,1,17,17,288,5,5,288,1,1,7,7,288,1,0,4,5,3,2,1,1,17,17,32,5,5,32,1,7,7,32,9.0,2667600.0,0.0114,101718.0,0.026676,0.026451,2.320263,0.0003041064,705600
mobilenetv3_small_permute_depthwise_conv2d_multiplier_9_054321,2,1,1,17,17,288,5,5,288,1,1,7,7,288,1,0,5,4,3,2,1,1,17,17,32,5,5,32,1,7,7,32,9.0,2566800.0,0.0109,100401.0,0.025668,0.027489,2.521927,0.0002797812,705600
mobilenetv3_small_permute_depthwise_conv2d_multiplier_10_012345,1,1,1,11,11,576,5,5,576,1,1,7,7,576,1,0,1,2,3,4,5,1,11,11,96,5,5,96,1,7,7,96,6.0,3470760.0,0.0183,163412.0,0.034708,0.040659,2.221803,0.0006351564,1411200
mobilenetv3_small_permute_depthwise_conv2d_multiplier_10_012354,1,1,1,11,11,576,5,5,576,1,1,7,7,576,1,0,1,2,3,5,4,1,11,11,96,5,5,96,1,7,7,96,6.0,3470760.0,0.0185,163980.0,0.034708,0.040659,2.197784,0.000642098,1411200
mobilenetv3_small_permute_depthwise_conv2d_multiplier_10_013245,1,1,1,11,11,576,5,5,576,1,1,7,7,576,1,0,1,3,2,4,5,1,11,11,96,5,5,96,1,7,7,96,6.0,2845506.0,0.0188,168440.0,0.028455,0.049594,2.637979,0.000534954,1411200
mobilenetv3_small_permute_depthwise_conv2d_multiplier_10_013254,1,1,1,11,11,576,5,5,576,1,1,7,7,576,1,0,1,3,2,5,4,1,11,11,96,5,5,96,1,7,7,96,6.0,2845506.0,0.0184,165237.0,0.028455,0.049594,2.695326,0.000523572,1411200
mobilenetv3_small_permute_depthwise_conv2d_multiplier_10_021345,1,1,1,11,11,576,5,5,576,1,1,7,7,576,1,0,2,1,3,4,5,1,11,11,96,5,5,96,1,7,7,96,6.0,3470760.0,0.0183,162288.0,0.034708,0.040659,2.221803,0.0006351564,1411200
mobilenetv3_small_permute_depthwise_conv2d_multiplier_10_021354,1,1,1,11,11,576,5,5,576,1,1,7,7,576,1,0,2,1,3,5,4,1,11,11,96,5,5,96,1,7,7,96,6.0,3470760.0,0.0183,162750.0,0.034708,0.040659,2.221803,0.0006351564,1411200
mobilenetv3_small_permute_depthwise_conv2d_multiplier_10_023145,1,1,1,11,11,576,5,5,576,1,1,7,7,576,1,0,3,1,2,4,5,1,11,11,96,5,5,96,1,7,7,96,6.0,2845506.0,0.0192,166622.0,0.028455,0.049594,2.583021,0.000546336,1411200
mobilenetv3_small_permute_depthwise_conv2d_multiplier_10_023154,1,1,1,11,11,576,5,5,576,1,1,7,7,576,1,0,3,1,2,5,4,1,11,11,96,5,5,96,1,7,7,96,6.0,2845506.0,0.0188,166451.0,0.028455,0.049594,2.637979,0.000534954,1411200
mobilenetv3_small_permute_depthwise_conv2d_multiplier_10_031245,1,1,1,11,11,576,5,5,576,1,1,7,7,576,1,0,2,3,1,4,5,1,11,11,96,5,5,96,1,7,7,96,6.0,2756184.0,0.0189,167133.0,0.027562,0.051201,2.709048,0.0005209218,1411200
mobilenetv3_small_permute_depthwise_conv2d_multiplier_10_031254,1,1,1,11,11,576,5,5,576,1,1,7,7,576,1,0,2,3,1,5,4,1,11,11,96,5,5,96,1,7,7,96,6.0,2756184.0,0.019,165733.0,0.027562,0.051201,2.694789,0.000523678,1411200
mobilenetv3_small_permute_depthwise_conv2d_multiplier_10_032145,1,1,1,11,11,576,5,5,576,1,1,7,7,576,1,0,3,2,1,4,5,1,11,11,96,5,5,96,1,7,7,96,6.0,2756184.0,0.0191,166625.0,0.027562,0.051201,2.680681,0.0005264342,1411200
mobilenetv3_small_permute_depthwise_conv2d_multiplier_10_032154,1,1,1,11,11,576,5,5,576,1,1,7,7,576,1,0,3,2,1,5,4,1,11,11,96,5,5,96,1,7,7,96,6.0,2756184.0,0.0188,166346.0,0.027562,0.051201,2.723457,0.0005181656,1411200
mobilenetv3_small_permute_depthwise_conv2d_multiplier_10_034512,1,1,1,11,11,576,5,5,576,1,1,7,7,576,1,0,4,5,1,2,3,1,11,11,96,5,5,96,1,7,7,96,6.0,4944324.0,0.0144,128024.0,0.049443,0.028542,1.982083,0.0007119792,1411200
mobilenetv3_small_permute_depthwise_conv2d_multiplier_10_034521,1,1,1,11,11,576,5,5,576,1,1,7,7,576,1,0,5,4,1,2,3,1,11,11,96,5,5,96,1,7,7,96,6.0,4944342.0,0.0146,128066.0,0.049443,0.028542,1.954932,0.0007218678,1411200
mobilenetv3_small_permute_depthwise_conv2d_multiplier_10_035412,1,1,1,11,11,576,5,5,576,1,1,7,7,576,1,0,4,5,1,3,2,1,11,11,96,5,5,96,1,7,7,96,6.0,4944390.0,0.0143,127350.0,0.049444,0.028541,1.995874,0.0007070492,1411200
mobilenetv3_small_permute_depthwise_conv2d_multiplier_10_035421,1,1,1,11,11,576,5,5,576,1,1,7,7,576,1,0,5,4,1,3,2,1,11,11,96,5,5,96,1,7,7,96,6.0,4944408.0,0.0141,127527.0,0.049444,0.028541,2.024184,0.0006971604,1411200
mobilenetv3_small_permute_depthwise_conv2d_multiplier_10_043512,1,1,1,11,11,576,5,5,576,1,1,7,7,576,1,0,4,5,2,1,3,1,11,11,96,5,5,96,1,7,7,96,6.0,4943844.0,0.0143,126441.0,0.049438,0.028545,1.996154,0.0007069634,1411200
mobilenetv3_small_permute_depthwise_conv2d_multiplier_10_043521,1,1,1,11,11,576,5,5,576,1,1,7,7,576,1,0,5,4,2,1,3,1,11,11,96,5,5,96,1,7,7,96,6.0,4943862.0,0.0144,127008.0,0.049439,0.028544,1.982222,0.0007119216,1411200
mobilenetv3_small_permute_depthwise_conv2d_multiplier_10_045312,1,1,1,11,11,576,5,5,576,1,1,7,7,576,1,0,4,5,3,1,2,1,11,11,96,5,5,96,1,7,7,96,6.0,4941048.0,0.0145,127541.0,0.04941,0.028561,1.969724,0.000716445,1411200
mobilenetv3_small_permute_depthwise_conv2d_multiplier_10_045321,1,1,1,11,11,576,5,5,576,1,1,7,7,576,1,0,5,4,3,1,2,1,11,11,96,5,5,96,1,7,7,96,6.0,4941066.0,0.0144,127519.0,0.049411,0.02856,1.983333,0.0007115184,1411200
mobilenetv3_small_permute_depthwise_conv2d_multiplier_10_053412,1,1,1,11,11,576,5,5,576,1,1,7,7,576,1,0,4,5,2,3,1,1,11,11,96,5,5,96,1,7,7,96,6.0,4943844.0,0.0144,127579.0,0.049438,0.028545,1.982292,0.0007119072,1411200
mobilenetv3_small_permute_depthwise_conv2d_multiplier_10_053421,1,1,1,11,11,576,5,5,576,1,1,7,7,576,1,0,5,4,2,3,1,1,11,11,96,5,5,96,1,7,7,96,6.0,4943862.0,0.0145,128053.0,0.049439,0.028544,1.968552,0.0007168655,1411200
mobilenetv3_small_permute_depthwise_conv2d_multiplier_10_054312,1,1,1,11,11,576,5,5,576,1,1,7,7,576,1,0,4,5,3,2,1,1,11,11,96,5,5,96,1,7,7,96,6.0,4941048.0,0.0143,126958.0,0.04941,0.028561,1.997273,0.000706563,1411200
mobilenetv3_small_permute_depthwise_conv2d_multiplier_10_054321,1,1,1,11,11,576,5,5,576,1,1,7,7,576,1,0,5,4,3,2,1,1,11,11,96,5,5,96,1,7,7,96,6.0,4941066.0,0.0147,127556.0,0.049411,0.02856,1.942857,0.0007263417,1411200
mobilenetv3_small_permute_depthwise_conv2d_multiplier_11_012345,1,1,1,11,11,576,5,5,576,1,1,7,7,576,1,0,1,2,3,4,5,1,11,11,96,5,5,96,1,7,7,96,6.0,3470760.0,0.0185,161867.0,0.034708,0.040659,2.197784,0.000642098,1411200
mobilenetv3_small_permute_depthwise_conv2d_multiplier_11_012354,1,1,1,11,11,576,5,5,576,1,1,7,7,576,1,0,1,2,3,5,4,1,11,11,96,5,5,96,1,7,7,96,6.0,3470760.0,0.0187,163192.0,0.034708,0.040659,2.174278,0.0006490396,1411200
mobilenetv3_small_permute_depthwise_conv2d_multiplier_11_013245,1,1,1,11,11,576,5,5,576,1,1,7,7,576,1,0,1,3,2,4,5,1,11,11,96,5,5,96,1,7,7,96,6.0,2845506.0,0.0191,166591.0,0.028455,0.049594,2.596545,0.0005434905,1411200
mobilenetv3_small_permute_depthwise_conv2d_multiplier_11_013254,1,1,1,11,11,576,5,5,576,1,1,7,7,576,1,0,1,3,2,5,4,1,11,11,96,5,5,96,1,7,7,96,6.0,2845506.0,0.0185,165907.0,0.028455,0.049594,2.680757,0.0005264175,1411200
mobilenetv3_small_permute_depthwise_conv2d_multiplier_11_021345,1,1,1,11,11,576,5,5,576,1,1,7,7,576,1,0,2,1,3,4,5,1,11,11,96,5,5,96,1,7,7,96,6.0,3470760.0,0.018,162939.0,0.034708,0.040659,2.258833,0.000624744,1411200
mobilenetv3_small_permute_depthwise_conv2d_multiplier_11_021354,1,1,1,11,11,576,5,5,576,1,1,7,7,576,1,0,2,1,3,5,4,1,11,11,96,5,5,96,1,7,7,96,6.0,3470760.0,0.0179,161654.0,0.034708,0.040659,2.271453,0.0006212732,1411200
mobilenetv3_small_permute_depthwise_conv2d_multiplier_11_023145,1,1,1,11,11,576,5,5,576,1,1,7,7,576,1,0,3,1,2,4,5,1,11,11,96,5,5,96,1,7,7,96,6.0,2845506.0,0.0186,165007.0,0.028455,0.049594,2.666344,0.000529263,1411200
mobilenetv3_small_permute_depthwise_conv2d_multiplier_11_023154,1,1,1,11,11,576,5,5,576,1,1,7,7,576,1,0,3,1,2,5,4,1,11,11,96,5,5,96,1,7,7,96,6.0,2845506.0,0.0187,167248.0,0.028455,0.049594,2.652086,0.0005321085,1411200
mobilenetv3_small_permute_depthwise_conv2d_multiplier_11_031245,1,1,1,11,11,576,5,5,576,1,1,7,7,576,1,0,2,3,1,4,5,1,11,11,96,5,5,96,1,7,7,96,6.0,2756184.0,0.0189,166310.0,0.027562,0.051201,2.709048,0.0005209218,1411200
mobilenetv3_small_permute_depthwise_conv2d_multiplier_11_031254,1,1,1,11,11,576,5,5,576,1,1,7,7,576,1,0,2,3,1,5,4,1,11,11,96,5,5,96,1,7,7,96,6.0,2756184.0,0.0184,165593.0,0.027562,0.051201,2.782663,0.0005071408,1411200
mobilenetv3_small_permute_depthwise_conv2d_multiplier_11_032145,1,1,1,11,11,576,5,5,576,1,1,7,7,576,1,0,3,2,1,4,5,1,11,11,96,5,5,96,1,7,7,96,6.0,2756184.0,0.0189,165864.0,0.027562,0.051201,2.709048,0.0005209218,1411200
mobilenetv3_small_permute_depthwise_conv2d_multiplier_11_032154,1,1,1,11,11,576,5,5,576,1,1,7,7,576,1,0,3,2,1,5,4,1,11,11,96,5,5,96,1,7,7,96,6.0,2756184.0,0.0187,165046.0,0.027562,0.051201,2.738021,0.0005154094,1411200
mobilenetv3_small_permute_depthwise_conv2d_multiplier_11_034512,1,1,1,11,11,576,5,5,576,1,1,7,7,576,1,0,4,5,1,2,3,1,11,11,96,5,5,96,1,7,7,96,6.0,4944324.0,0.0147,128153.0,0.049443,0.028542,1.941633,0.0007268121,1411200
mobilenetv3_small_permute_depthwise_conv2d_multiplier_11_034521,1,1,1,11,11,576,5,5,576,1,1,7,7,576,1,0,5,4,1,2,3,1,11,11,96,5,5,96,1,7,7,96,6.0,4944342.0,0.0146,128066.0,0.049443,0.028542,1.954932,0.0007218678,1411200
mobilenetv3_small_permute_depthwise_conv2d_multiplier_11_035412,1,1,1,11,11,576,5,5,576,1,1,7,7,576,1,0,4,5,1,3,2,1,11,11,96,5,5,96,1,7,7,96,6.0,4944390.0,0.0144,127278.0,0.049444,0.028541,1.982014,0.0007119936,1411200
mobilenetv3_small_permute_depthwise_conv2d_multiplier_11_035421,1,1,1,11,11,576,5,5,576,1,1,7,7,576,1,0,5,4,1,3,2,1,11,11,96,5,5,96,1,7,7,96,6.0,4944408.0,0.0141,127527.0,0.049444,0.028541,2.024184,0.0006971604,1411200
mobilenetv3_small_permute_depthwise_conv2d_multiplier_11_043512,1,1,1,11,11,576,5,5,576,1,1,7,7,576,1,0,4,5,2,1,3,1,11,11,96,5,5,96,1,7,7,96,6.0,4943844.0,0.0143,127083.0,0.049438,0.028545,1.996154,0.0007069634,1411200
mobilenetv3_small_permute_depthwise_conv2d_multiplier_11_043521,1,1,1,11,11,576,5,5,576,1,1,7,7,576,1,0,5,4,2,1,3,1,11,11,96,5,5,96,1,7,7,96,6.0,4943796.0,0.0145,127813.0,0.049438,0.028545,1.968621,0.000716851,1411200
mobilenetv3_small_permute_depthwise_conv2d_multiplier_11_045312,1,1,1,11,11,576,5,5,576,1,1,7,7,576,1,0,4,5,3,1,2,1,11,11,96,5,5,96,1,7,7,96,6.0,4941114.0,0.0146,127509.0,0.049411,0.02856,1.956164,0.0007214006,1411200
mobilenetv3_small_permute_depthwise_conv2d_multiplier_11_045321,1,1,1,11,11,576,5,5,576,1,1,7,7,576,1,0,5,4,3,1,2,1,11,11,96,5,5,96,1,7,7,96,6.0,4941132.0,0.0143,127236.0,0.049411,0.02856,1.997203,0.0007065773,1411200
mobilenetv3_small_permute_depthwise_conv2d_multiplier_11_053412,1,1,1,11,11,576,5,5,576,1,1,7,7,576,1,0,4,5,2,3,1,1,11,11,96,5,5,96,1,7,7,96,6.0,4943778.0,0.0145,126674.0,0.049438,0.028545,1.968621,0.000716851,1411200
mobilenetv3_small_permute_depthwise_conv2d_multiplier_11_053421,1,1,1,11,11,576,5,5,576,1,1,7,7,576,1,0,5,4,2,3,1,1,11,11,96,5,5,96,1,7,7,96,6.0,4943796.0,0.0146,128366.0,0.049438,0.028545,1.955137,0.0007217948,1411200
mobilenetv3_small_permute_depthwise_conv2d_multiplier_11_054312,1,1,1,11,11,576,5,5,576,1,1,7,7,576,1,0,4,5,3,2,1,1,11,11,96,5,5,96,1,7,7,96,6.0,4941048.0,0.0143,126958.0,0.04941,0.028561,1.997273,0.000706563,1411200
mobilenetv3_small_permute_depthwise_conv2d_multiplier_11_054321,1,1,1,11,11,576,5,5,576,1,1,7,7,576,1,0,5,4,3,2,1,1,11,11,96,5,5,96,1,7,7,96,6.0,4941066.0,0.0142,127151.0,0.049411,0.02856,2.011268,0.0007016362,1411200
